{
  "ABOUT": "За програмата",
  "ABOUT_CONTRIBUTORS": "Участвали в <a href='http://github.com/scout-app/scout-app' class='external-link'>Scout-App</a>:",
  "ABOUT_DEPENDENCIES": "<strong>Scout-App</strong> използва <a class='external-link' href='https://github.com/sass/node-sass'>node-sass</a> <span class='nodeSassVersion'></span> и <a class='external-link' href='https://github.com/paulmillr/chokidar'>chokidar</a> <span class='chokidarVersion'></span>.",
  "ABOUT_DESCRIPTION": "<strong>Scout-App</strong> ви позволява да обработите <code>.sass</code> и <code>.scss</code> файлове в CSS без нужда от знания за команден ред.",
  "ABOUT_SCOUTAPP": "За Scout-App",
  "ABOUT_VISIT_UPDATE": "Посети сайта на Scout-App за проверка на актуализации:",
  "ADD_A_PROJECT": "Добави проект",
  "ADD_GROUP_OF_PROJECTS": "Добави група проекти",
  "ADD_PROJECT": "Добави проект",
  "ALERT_TITLE": "<strong>{{time}}</strong> Грешка (0x0{{code}}) - Ред: <strong>{{bugLine}}</strong> Кол: <strong>{{col}}</strong>",
  "APPLICATION_TITLE": "Scout-App: The Sass GUI",
  "ATOMIC_LABEL": "Атомът спестява забавяне",
  "ATOMIC_NOTE": "Ако Scout-App не обработва файлове при запазване, коригирайте тази настройка и рестартирайте проекта си.",
  "AUTOMATIC_UPDATES": "Проверете за актуализации при стартиране",
  "BROWSE": "Прелисти",
  "CANCEL": "Отказ",
  "CAT_SCREAMING_NO": "Котка крещяща \"Не\"!",
  "CHECK_FOR_UPDATES": "Провери за актуализация",
  "CONFIRM_DELETE": "Сигурни ли сте?",
  "DELETE": "Премахни",
  "DELETE_PROJECT": "Премахни проект",
  "DEVELOPMENT": "Разработка",
  "DEV_TOOLS": "Инструменти",
  "DOWNLOAD_UPDATE": "Изтеглете последната версия на Scout-App.",
  "ENVIRONMENT": "Среда",
  "EXIT": "Изход",
  "FILE": "Файл",
  "FILES": "файлове",
  "FOUND_SOME_PROJECTS": "намерени {{0}} проекти",
  "FTUX_DRAG_DROP": "<h3>Влачи и Пусни</h3> <h4>навсякъде за импортване на проекти</h4>",
  "HIDE": "Скрий",
  "IMPORT_ADD_GROUP": "Добави група от проекти",
  "IMPORT_ADD_PROJECT": "Добави проект",
  "IMPORT_DRAG_DROP": "Влачене & Пускане",
  "IMPORT_HEADER": "{{0}} Избрани Проекти",
  "IMPORT_INPUT": "Входящ (Sass)",
  "IMPORT_OUTPUT": "Изходящ (CSS)",
  "IMPORT_PROJECTS": "Импортни проекти",
  "IMPORT_PROJECT_NAME": "Име на проекта",
  "INPUT_FOLDER": "Входяща папка",
  "LANGUAGE_CHOICE": "Език:",
  "LANG_AR": "Арабски (عربى)",
  "LANG_BG": "Български",
  "LANG_DA": "Датски (Dansk)",
  "LANG_DE": "Немски (Deutsch)",
  "LANG_EN": "Английски (English)",
  "LANG_ES": "Испански (Español)",
  "LANG_ES-AR": "Испански Аржентина (Español Argentina)",
  "LANG_FA": "Персийски (فارسی)",
  "LANG_FI": "Финладски (Suomen)",
  "LANG_FR": "Френски (Français)",
  "LANG_HE": "Иврит (עִברִית)",
  "LANG_HU": "Унгарски (Magyar)",
  "LANG_ID": "индонезийски (Indonesia)",
  "LANG_IT": "Италиански (Italiano)",
  "LANG_JA": "Японски (日本語)",
  "LANG_MR": "маратхи (मराठी)",
  "LANG_NL": "Нидерландски (Nederlands)",
  "LANG_NO": "Норвежки (Norsk)",
  "LANG_PL": "Полски (Polski)",
  "LANG_PT-BR": "Португалски бразилски (Português do Brasil)",
  "LANG_RK": "Американски селяндур (Redneck)",
  "LANG_RO": "Румънски (Română)",
  "LANG_RU": "Руски (русский)",
  "LANG_SQ": "албански (Shqip)",
  "LANG_SV": "Шведски (Svenska)",
  "LANG_TR": "Турски (Türkçe)",
  "LANG_UK": "Украински (Українська)",
  "LANG_VI": "Виетнамски (Tiếng Việt)",
  "LANG_ZH-CHT": "Традиционен китайски (中文)",
  "LANG_ZH-CN": "Опростен китайски (简体中文)",
  "LATEST_VERSION": "Вие използвате последната версия на Scout-App.",
  "LINEFEED": "нов ред",
  "LINEFEED_CRLF": "CRLF",
  "LINEFEED_LF": "LF (по подразбиране)",
  "LISTING_OF_PROJECTS": "Списък на проекти",
  "MESSAGES_DESKTOP": "Известия в Работен плот",
  "MESSAGES_IN_APP": "В приложението",
  "MESSAGES_SOUND": "Възпроизвеждане на звук",
  "MESSAGES_TITLE_ERROR": "Съобщения за грешка",
  "MESSAGES_TITLE_SUCCESS": "Съобщения за успех",
  "MILLISECONDS_SHORT": "мс",
  "MISSING_DATA": "Липсваща входяща или изходяща папка.",
  "MULTIPROJECT_IMPORT": "Импортни няколко проекта",
  "MULTI_IMPORT_BUTTON": "Импортни {{0}} проекта",
  "NEW_PROJECT": "Нов проект",
  "NOTIFICATIONS_CHOICE": "Известия",
  "NO_SASS_FILES": "Тази папка на проекта не съдържа Sass файлове, които могат да се обработят.",
  "OUTPUT_COMPACT": "Компактен",
  "OUTPUT_COMPRESSED": "Компресиран",
  "OUTPUT_EXPANDED": "Разширен",
  "OUTPUT_FOLDER": "Изходяща папка:",
  "OUTPUT_NESTED": "Вместени",
  "OUTPUT_STYLE": "Изходящ стил",
  "OUTPUT_WARNING": "Изходящата папка не може да съвпада или да бъде подпапка на входящата.",
  "PREFERENCES": "Настройки",
  "PROCESSED_IN_DURATION": "Обработени в {{duration}}",
  "PRODUCTION": "Производство",
  "PROJECT_CONTROLS": "Контроли на проекта",
  "PROJECT_ICON": "Иконка на проекта",
  "SCOUTAPP_LOGO": "Scout-App Logo",
  "SECONDS": "секунди",
  "SELECT_DESELECT_ALL": "Избор на всичко",
  "SELECT_GROUP_FOLDER": "избери група папки",
  "SELECT_PROJECT_FOLDER": "избери папка на проекта",
  "SEND_TO_TRAY_ON_CLOSE": "Изпратете в тава в близост",
  "SERVER_DOWN": "Не може да се свърже със сървъра за акуализации. Опитайте отново по-късно.",
  "SHOW": "Покажи",
  "START_MINIMIZED": "Стартирайте минимизирането",
  "STATUS": "Статус",
  "STATUS_OF_ALL_PROJECTS": "Статус на всички проекти",
  "STYLESHEET_CHOICE": "Тема",
  "STYLESHEET_DIRECTORIES": "Директории със стилове",
  "TOGGLE_NAVIGATION": "Покажи менюто",
  "TRANSLATED_BY": "Преведен от:",
  "TRANSLATOR": "Belkin Fahri",
  "TRANSLATOR_MEME": ".",
  "TRANSLATOR_URL": "http://belkinfahri.com",
  "UPDATE_FOUND": "Налична е актуализация!",
  "VERSION": "Версия",
  "VIEW": "Изглед",
  "WELCOME_MESSAGE": "Добре дошъл в Scout-App!",
  "WINDOW_SETTING": "прозорец"
}
