{
  "ABOUT": "Om",
  "ABOUT_CONTRIBUTORS": "Bidragsydere til <a href='http://github.com/scout-app/scout-app' class='external-link'>Scout-App</a>:",
  "ABOUT_DEPENDENCIES": "<strong>Scout-App</strong> benytter <a class='external-link' href='https://github.com/sass/node-sass'>node-sass</a> <span class='nodeSassVersion'></span> og <a class='external-link' href='https://github.com/paulmillr/chokidar'>chokidar</a> <span class='chokidarVersion'></span>.",
  "ABOUT_DESCRIPTION": "<strong>Scout-App</strong> giver dig mulighed for at konvertere <code>.sass</code> og <code>.scss</code> filer til CSS uden kendskab til kommandolinjen.",
  "ABOUT_SCOUTAPP": "Om Scout-App",
  "ABOUT_VISIT_UPDATE": "Besøg Scout-App websitet for at tjekke for opdateringer:",
  "ADD_A_PROJECT": "Tilføj et Projekt",
  "ADD_GROUP_OF_PROJECTS": "Tilføj Gruppe af projekter",
  "ADD_PROJECT": "Tilføj projekt",
  "ALERT_TITLE": "<strong>{{time}}</strong> Fejl (0x0{{code}}) - Linje: <strong>{{bugLine}}</strong> Kolonne: <strong>{{col}}</strong>",
  "APPLICATION_TITLE": "Scout-App: Sass GUI'et",
  "ATOMIC_LABEL": "Atomisk sparer forsinkelse",
  "ATOMIC_NOTE": "Hvis Scout-App ikke behandler filer under Gem, skal du justere denne indstilling og genstarte dit projekt.",
  "AUTOMATIC_UPDATES": "Check for opdateringer om lancering",
  "BROWSE": "Gennemse",
  "CANCEL": "Annuller",
  "CAT_SCREAMING_NO": "Katten skriger 'NEEEJ!'",
  "CHECK_FOR_UPDATES": "Tjek for opdateringer",
  "CONFIRM_DELETE": "Er du sikker?",
  "DELETE": "Fjern",
  "DELETE_PROJECT": "Fjern projekt",
  "DEVELOPMENT": "Udvikling",
  "DEV_TOOLS": "Udvikler værktøjer",
  "DOWNLOAD_UPDATE": "Download den nyeste version af Scout-App.",
  "ENVIRONMENT": "Miljø",
  "EXIT": "Luk",
  "FILE": "Filer",
  "FILES": "Filer",
  "FOUND_SOME_PROJECTS": "placeret {{0}} projekter",
  "FTUX_DRAG_DROP": "<h3>Træk og slip</ h3> <h4>overalt at importere projekter</h4>",
  "HIDE": "Skjule",
  "IMPORT_ADD_GROUP": "Tilføj Gruppe af projekter",
  "IMPORT_ADD_PROJECT": "Tilføj et andet projekt",
  "IMPORT_DRAG_DROP": "Træk og slip",
  "IMPORT_HEADER": "{{0}} Udvalgte Projekter",
  "IMPORT_INPUT": "Input (Sass)",
  "IMPORT_OUTPUT": "Output (CSS)",
  "IMPORT_PROJECTS": "Indlæs projekter",
  "IMPORT_PROJECT_NAME": "Projekt Navn",
  "INPUT_FOLDER": "Input mappe:",
  "LANGUAGE_CHOICE": "Sprog:",
  "LANG_AR": "Arabisk (عربى)",
  "LANG_BG": "Bulgarsk (български)",
  "LANG_DA": "Dansk",
  "LANG_DE": "Tysk (Deutsch)",
  "LANG_EN": "Engelsk (English)",
  "LANG_ES": "Spansk (Español)",
  "LANG_ES-AR": "Spansk Argentina (Español Argentina)",
  "LANG_FA": "Persisk (فارسی)",
  "LANG_FI": "Finsk (Suomen)",
  "LANG_FR": "Fransk (Français)",
  "LANG_HE": "Hebrew (עִברִית)",
  "LANG_HU": "Ungarsk (Magyar)",
  "LANG_ID": "Indonesisk (Indonesia)",
  "LANG_IT": "Italiensk (Italiano)",
  "LANG_JA": "Japansk (日本語)",
  "LANG_MR": "Marathi (मराठी)",
  "LANG_NL": "Hollandsk (Nederlands)",
  "LANG_NO": "Norsk (Norsk)",
  "LANG_PL": "Polere (Polski)",
  "LANG_PT-BR": "Brasiliansk Portugisisk (Português do Brasil)",
  "LANG_RK": "Amerikansk Bondeknold (Redneck)",
  "LANG_RO": "Rumænsk (Română)",
  "LANG_RU": "Russisk (русский)",
  "LANG_SQ": "Albansk (Shqip)",
  "LANG_SV": "Svensk (Svenska)",
  "LANG_TR": "Tyrkisk (Türkçe)",
  "LANG_UK": "Ukrainsk (Українська)",
  "LANG_VI": "Vietnamesisk (Tiếng Việt)",
  "LANG_ZH-CHT": "Traditionelt Kinesisk (中文)",
  "LANG_ZH-CN": "Kinesisk Forenklet (简体中文)",
  "LATEST_VERSION": "Du har den seneste version af Scout-App",
  "LINEFEED": "Linjeindføring",
  "LINEFEED_CRLF": "CRLF",
  "LINEFEED_LF": "LF (standard)",
  "LISTING_OF_PROJECTS": "Lister alle projekter",
  "MESSAGES_DESKTOP": "Skrivebordsunderretninger",
  "MESSAGES_IN_APP": "I App",
  "MESSAGES_SOUND": "Afspil lyd",
  "MESSAGES_TITLE_ERROR": "Fejlmeddelelser",
  "MESSAGES_TITLE_SUCCESS": "Succes Beskeder",
  "MILLISECONDS_SHORT": "ms",
  "MISSING_DATA": "Mangler input eller output mappe.",
  "MULTIPROJECT_IMPORT": "Importer Flere Projekter",
  "MULTI_IMPORT_BUTTON": "Importer {{0}} Projekter",
  "NEW_PROJECT": "Nyt projekt",
  "NOTIFICATIONS_CHOICE": "Underretninger",
  "NO_SASS_FILES": "Dette projekt input mappe indeholder ingen Sass filer, der kan behandles.",
  "OUTPUT_COMPACT": "Kompakt",
  "OUTPUT_COMPRESSED": "Komprimeret",
  "OUTPUT_EXPANDED": "Expanded",
  "OUTPUT_FOLDER": "Output mappe:",
  "OUTPUT_NESTED": "Nested",
  "OUTPUT_STYLE": "Output stil",
  "OUTPUT_WARNING": "Output kan ikke være samme eller undermappe til input.",
  "PREFERENCES": "Indstillinger",
  "PROCESSED_IN_DURATION": "Behandlet på {{duration}}",
  "PRODUCTION": "Produktion",
  "PROJECT_CONTROLS": "Projekt knapper",
  "PROJECT_ICON": "Projekt ikon",
  "SCOUTAPP_LOGO": "Scout-App logo",
  "SECONDS": "sekunder",
  "SELECT_DESELECT_ALL": "Vælg/Fravælg alle",
  "SELECT_GROUP_FOLDER": "vælge gruppen mappe",
  "SELECT_PROJECT_FOLDER": "vælg et projekt mappe",
  "SEND_TO_TRAY_ON_CLOSE": "Send til bakke på tæt",
  "SERVER_DOWN": "Opdateringsserver ikke tilgængelig. Prøv igen senere.",
  "SHOW": "At vise",
  "START_MINIMIZED": "Start minimeret",
  "STATUS": "Status",
  "STATUS_OF_ALL_PROJECTS": "Status på alle projekter",
  "STYLESHEET_CHOICE": "Tema:",
  "STYLESHEET_DIRECTORIES": "Stylesheet mapper",
  "TOGGLE_NAVIGATION": "Omskift navigation",
  "TRANSLATED_BY": "Oversat af:",
  "TRANSLATOR": "Johan Holst Nielsen",
  "TRANSLATOR_MEME": "Hank Hill, fra King of the Hill siger 'I process Sass, and Sass Mixins'.",
  "TRANSLATOR_URL": "http://phpgeek.dk",
  "UPDATE_FOUND": "Opdatering fundet.",
  "VERSION": "Version",
  "VIEW": "Vis",
  "WELCOME_MESSAGE": "Velkommen til Scout-App!",
  "WINDOW_SETTING": "Vindue"
}
