{
  "ABOUT": "Über",
  "ABOUT_CONTRIBUTORS": "Unterstützer der <a href='http://github.com/scout-app/scout-app' class='external-link'>Scout-App</a>:",
  "ABOUT_DEPENDENCIES": "<strong>Scout-App</strong> verwendet <a class='external-link' href='https://github.com/sass/node-sass'>node-sass</a> <span class='nodeSassVersion'></span> und <a class='external-link' href='https://github.com/paulmillr/chokidar'>chokidar</a> <span class='chokidarVersion'></span>.",
  "ABOUT_DESCRIPTION": "Mit <strong>Scout-App</strong> generierst Du deine eigenen <code>.sass</code> und <code>.scss</code>-Dateien in CSS ohne Kenntnisse über die Eingabeaufforderung.",
  "ABOUT_SCOUTAPP": "Über Scout-App",
  "ABOUT_VISIT_UPDATE": "Besuchen Sie die Scout-App-Webseite, um nach Updates zu suchen:",
  "ADD_A_PROJECT": "Neues Projekt",
  "ADD_GROUP_OF_PROJECTS": "Neue Gruppe von Projekten hinzufügen",
  "ADD_PROJECT": "Projekt hinzufügen",
  "ALERT_TITLE": "<strong>{{time}}</strong> Fehler (0x0{{code}}) - Zeile: <strong>{{bugLine}}</strong> Spalte: <strong>{{col}}</strong>",
  "APPLICATION_TITLE": "Scout-App: Die Sass-GUI",
  "ATOMIC_LABEL": "Atomic verzögert, um Änderungen zu berücksichtigen",
  "ATOMIC_NOTE": "Wenn die Scout-App keine Dateien beim Speichern verarbeitet, passen Sie diese Einstellung an und starten Sie Ihr Projekt neu.",
  "AUTOMATIC_UPDATES": "Suchen Sie beim Start nach Updates",
  "BROWSE": "Durchsuchen",
  "CANCEL": "Abbrechen",
  "CAT_SCREAMING_NO": "Katze schreit: \"NEIN!\"",
  "CHECK_FOR_UPDATES": "Auf Updates prüfen",
  "CONFIRM_DELETE": "Bist du sicher?",
  "DELETE": "Entfernen",
  "DELETE_PROJECT": "Projekt entfernen",
  "DEVELOPMENT": "Entwicklung",
  "DEV_TOOLS": "Entwickler-Werkzeuge",
  "DOWNLOAD_UPDATE": "Laden Sie die neueste Version der Scout-App herunter.",
  "ENVIRONMENT": "Umgebung",
  "EXIT": "Beenden",
  "FILE": "Datei",
  "FILES": "Dateien",
  "FOUND_SOME_PROJECTS": "{{0}} Projekte gefunden",
  "FTUX_DRAG_DROP": "<h3>Ziehen und Ablegen</h3> <h4>um Projekte zu importieren</h4>",
  "HIDE": "Verstecken",
  "IMPORT_ADD_GROUP": "Eine Gruppe von Projekten hinzufügen",
  "IMPORT_ADD_PROJECT": "Fügen Sie ein weiteres Projekt hinzu",
  "IMPORT_DRAG_DROP": "Ziehen und Ablegen",
  "IMPORT_HEADER": "{{0}} ausgewählte Projekte",
  "IMPORT_INPUT": "Eingang (Sass)",
  "IMPORT_OUTPUT": "Ausgabe (CSS)",
  "IMPORT_PROJECTS": "Projekte importieren",
  "IMPORT_PROJECT_NAME": "Projektname",
  "INPUT_FOLDER": "Eingabeordner:",
  "LANGUAGE_CHOICE": "Sprache:",
  "LANG_AR": "Arabisch (عربى)",
  "LANG_BG": "Bulgarisch (български)",
  "LANG_DA": "Dänisch (Dansk)",
  "LANG_DE": "Deutsch",
  "LANG_EN": "Englisch (English)",
  "LANG_ES": "Spanisch (Español)",
  "LANG_ES-AR": "Río-de-la-Plata-Spanisch (Español Argentina)",
  "LANG_FA": "Persisch (فارسی)",
  "LANG_FI": "Finnisch (Suomen)",
  "LANG_FR": "Französisch (Français)",
  "LANG_HE": "Hebräisch (עִברִית)",
  "LANG_HU": "Ungarisch (Magyar)",
  "LANG_ID": "Indonesisch (Indonesia)",
  "LANG_IT": "Italienisch (Italiano)",
  "LANG_JA": "Japanisch (日本語)",
  "LANG_MR": "Marathi (मराठी)",
  "LANG_NL": "Niederländisch (Nederlands)",
  "LANG_NO": "Norwegisch (Norsk)",
  "LANG_PL": "Polnisch (Polski)",
  "LANG_PT-BR": "Brasilianisches Portugiesisch (Português do Brasil)",
  "LANG_RK": "Redneck (Real America)",
  "LANG_RO": "Rumänisch (Română)",
  "LANG_RU": "Russisch (русский)",
  "LANG_SQ": "Albanisch (Shqip)",
  "LANG_SV": "Schwedisch (Svenska)",
  "LANG_TR": "Türkisch (Türkçe)",
  "LANG_UK": "Ukrainisch (Українська)",
  "LANG_VI": "Vietnamesisch (Tiếng Việt)",
  "LANG_ZH-CHT": "Chinesisch Traditional (中文)",
  "LANG_ZH-CN": "Vereinfachtes Chinesisch (简体中文)",
  "LATEST_VERSION": "Sie haben die neueste Version der Scout-App.",
  "LINEFEED": "Zeilenende:",
  "LINEFEED_CRLF": "CRLF",
  "LINEFEED_LF": "LF (Standard)",
  "LISTING_OF_PROJECTS": "Liste der Projekte",
  "MESSAGES_DESKTOP": "Desktop-Benachrichtigung",
  "MESSAGES_IN_APP": "In der Anwendung",
  "MESSAGES_SOUND": "Ton abspielen",
  "MESSAGES_TITLE_ERROR": "Fehlermeldungen",
  "MESSAGES_TITLE_SUCCESS": "Erfolgsmeldungen",
  "MILLISECONDS_SHORT": "ms",
  "MISSING_DATA": "Fehlender Eingabe- oder Ausgabeordner.",
  "MULTIPROJECT_IMPORT": "Mehrprojektimport",
  "MULTI_IMPORT_BUTTON": "Importieren Sie {{0}} Projekte",
  "NEW_PROJECT": "Neues Projekt",
  "NOTIFICATIONS_CHOICE": "Benachrichtigungen",
  "NO_SASS_FILES": "Der Eingabeordner dieses Projekts enthält keine Sass-Dateien, die verarbeitet werden können.",
  "OUTPUT_COMPACT": "Kompakt",
  "OUTPUT_COMPRESSED": "Komprimiert",
  "OUTPUT_EXPANDED": "Erweitert",
  "OUTPUT_FOLDER": "Ausgabeordner:",
  "OUTPUT_NESTED": "Verschachtelt",
  "OUTPUT_STYLE": "Ausgabetyp",
  "OUTPUT_WARNING": "Ausgabeordner darf nicht mit dem Eingabeordner übereinstimmen oder ein Unterordner von diesem sein.",
  "PREFERENCES": "Einstellungen",
  "PROCESSED_IN_DURATION": "Verarbeitung in {{duration}}",
  "PRODUCTION": "Produktion",
  "PROJECT_CONTROLS": "Projektsteuerung",
  "PROJECT_ICON": "Projekt-Icon",
  "SCOUTAPP_LOGO": "Scout-App-Logo",
  "SECONDS": "Sekunden",
  "SELECT_DESELECT_ALL": "Alles auswählen/abwählen",
  "SELECT_GROUP_FOLDER": "Wählen Sie den Gruppenordner",
  "SELECT_PROJECT_FOLDER": "Wählen Sie einen Projektordner",
  "SEND_TO_TRAY_ON_CLOSE": "Beim Schließen in die Ablage verschieben",
  "SERVER_DOWN": "Aktualisierungsserver nicht erreichbar. Versuchen Sie es später noch einmal.",
  "SHOW": "Anzeigen",
  "START_MINIMIZED": "Minimiert in der Ablage starten",
  "STATUS": "Status",
  "STATUS_OF_ALL_PROJECTS": "Status aller Projekte",
  "STYLESHEET_CHOICE": "Thema:",
  "STYLESHEET_DIRECTORIES": "Stylesheet Verzeichnisse",
  "TOGGLE_NAVIGATION": "Navigation umschalten",
  "TRANSLATED_BY": "Übersetzt von:",
  "TRANSLATOR": "Tobias Dickgreber, Michael Horstmann",
  "TRANSLATOR_MEME": "Fischers Fritze fischt frische Fische, zubereitet mit Sass.",
  "TRANSLATOR_URL": "https://github.com/SirTobey1337, https://github.com/mhorstmann",
  "UPDATE_FOUND": "Update gefunden!",
  "VERSION": "Version",
  "VIEW": "Ansicht",
  "WELCOME_MESSAGE": "Willkommen bei Scout-App!",
  "WINDOW_SETTING": "Fenster"
}
