{
  "ABOUT": "About",
  "ABOUT_CONTRIBUTORS": "Contributors to <a href='http://github.com/scout-app/scout-app' class='external-link'>Scout-App</a>:",
  "ABOUT_DEPENDENCIES": "<strong>Scout-App</strong> uses <a class='external-link' href='https://github.com/sass/node-sass'>node-sass</a> <span class='nodeSassVersion'></span> and <a class='external-link' href='https://github.com/paulmillr/chokidar'>chokidar</a> <span class='chokidarVersion'></span>.",
  "ABOUT_DESCRIPTION": "<strong>Scout-App</strong> allows you to process your <code>.sass</code> and <code>.scss</code> files into CSS without needing any knowledge of the command line.",
  "ABOUT_SCOUTAPP": "About Scout-App",
  "ABOUT_VISIT_UPDATE": "Visit the Scout-App website to check for updates:",
  "ADD_A_PROJECT": "Add a Project",
  "ADD_GROUP_OF_PROJECTS": "Add Group of Projects",
  "ADD_PROJECT": "Add Project",
  "ALERT_TITLE": "<strong>{{time}}</strong> Error (0x0{{code}}) - Line: <strong>{{bugLine}}</strong> Col: <strong>{{col}}</strong>",
  "APPLICATION_TITLE": "Scout-App: The Sass GUI",
  "ATOMIC_LABEL": "Atomic saves delay",
  "ATOMIC_NOTE": "If Scout-App does not process files on save, adjust this setting and restart your project.",
  "AUTOMATIC_UPDATES": "Check for updates on launch",
  "BROWSE": "Browse",
  "CANCEL": "Cancel",
  "CAT_SCREAMING_NO": "Cat screaming 'NO!'",
  "CHECK_FOR_UPDATES": "Check for updates",
  "CONFIRM_DELETE": "Are you sure?",
  "DELETE": "Remove",
  "DELETE_PROJECT": "Remove Project",
  "DEVELOPMENT": "Development",
  "DEV_TOOLS": "Dev Tools",
  "DOWNLOAD_UPDATE": "Download the latest version of Scout-App.",
  "ENVIRONMENT": "Environment",
  "EXIT": "Exit",
  "FILE": "File",
  "FILES": "Files",
  "FOUND_SOME_PROJECTS": "found {{0}} projects",
  "FTUX_DRAG_DROP": "<h3>Drag and Drop</h3> <h4>anywhere to import projects</h4>",
  "HIDE": "Hide",
  "IMPORT_ADD_GROUP": "Add Group of projects",
  "IMPORT_ADD_PROJECT": "Add another project",
  "IMPORT_DRAG_DROP": "Drag & Drop",
  "IMPORT_HEADER": "{{0}} Selected Projects",
  "IMPORT_INPUT": "Input (Sass)",
  "IMPORT_OUTPUT": "Output (CSS)",
  "IMPORT_PROJECTS": "Import Projects",
  "IMPORT_PROJECT_NAME": "Project Name",
  "INPUT_FOLDER": "Input Folder:",
  "LANGUAGE_CHOICE": "Language:",
  "LANG_AR": "Arabic (عربى)",
  "LANG_BG": "Bulgarian (български)",
  "LANG_DA": "Danish (Dansk)",
  "LANG_DE": "German (Deutsch)",
  "LANG_EN": "English",
  "LANG_ES": "Spanish (Español)",
  "LANG_ES-AR": "Spanish Argentina (Español Argentina)",
  "LANG_FA": "Persian (فارسی)",
  "LANG_FI": "Finnish (Suomen)",
  "LANG_FR": "French (Français)",
  "LANG_HE": "Hebrew (עִברִית)",
  "LANG_HU": "Hungarian (Magyar)",
  "LANG_ID": "Indonesian (Indonesia)",
  "LANG_IT": "Italian (Italiano)",
  "LANG_JA": "Japanese (日本語)",
  "LANG_MR": "Marathi (मराठी)",
  "LANG_NL": "Dutch (Nederlands)",
  "LANG_NO": "Norwegian (Norsk)",
  "LANG_PL": "Polish (Polski)",
  "LANG_PT-BR": "Brazilian Portuguese (Português do Brasil)",
  "LANG_RK": "Redneck (Real America)",
  "LANG_RO": "Romanian (Română)",
  "LANG_RU": "Russian (Русский)",
  "LANG_SQ": "Albanian (Shqip)",
  "LANG_SV": "Swedish (Svenska)",
  "LANG_TR": "Turkish (Türkçe)",
  "LANG_UK": "Ukrainian (Українська)",
  "LANG_VI": "Vietnamese (Tiếng Việt)",
  "LANG_ZH-CHT": "Chinese Traditional (中文)",
  "LANG_ZH-CN": "Chinese Simplified (简体中文)",
  "LATEST_VERSION": "You have the latest version of Scout-App.",
  "LINEFEED": "Line Endings:",
  "LINEFEED_CRLF": "CRLF",
  "LINEFEED_LF": "LF (default)",
  "LISTING_OF_PROJECTS": "Listing of projects",
  "MESSAGES_DESKTOP": "Desktop Notification",
  "MESSAGES_IN_APP": "In App",
  "MESSAGES_SOUND": "Play Sound",
  "MESSAGES_TITLE_ERROR": "Error Messages",
  "MESSAGES_TITLE_SUCCESS": "Success Messages",
  "MILLISECONDS_SHORT": "ms",
  "MISSING_DATA": "Missing input or output folder.",
  "MULTIPROJECT_IMPORT": "Multi-Project Import",
  "MULTI_IMPORT_BUTTON": "Import {{0}} Projects",
  "NEW_PROJECT": "New Project",
  "NOTIFICATIONS_CHOICE": "Notifications",
  "NO_SASS_FILES": "This project's input folder contains no Sass files that can be processed.",
  "OUTPUT_COMPACT": "Compact",
  "OUTPUT_COMPRESSED": "Compressed",
  "OUTPUT_EXPANDED": "Expanded",
  "OUTPUT_FOLDER": "Output Folder:",
  "OUTPUT_NESTED": "Nested",
  "OUTPUT_STYLE": "Output Style",
  "OUTPUT_WARNING": "Output can't match or be a subfolder of input.",
  "PREFERENCES": "Preferences",
  "PROCESSED_IN_DURATION": "Processed in {{duration}}",
  "PRODUCTION": "Production",
  "PROJECT_CONTROLS": "Project Controls",
  "PROJECT_ICON": "Project Icon",
  "SCOUTAPP_LOGO": "Scout-App Logo",
  "SECONDS": "seconds",
  "SELECT_DESELECT_ALL": "Select/Deselect All",
  "SELECT_GROUP_FOLDER": "select the group folder",
  "SELECT_PROJECT_FOLDER": "select a project folder",
  "SEND_TO_TRAY_ON_CLOSE": "Send to tray on close",
  "SERVER_DOWN": "Unable to reach update server. Try again later.",
  "SHOW": "Show",
  "START_MINIMIZED": "Start minimized",
  "STATUS": "Status",
  "STATUS_OF_ALL_PROJECTS": "Status of all Projects",
  "STYLESHEET_CHOICE": "Theme:",
  "STYLESHEET_DIRECTORIES": "Stylesheet Directories",
  "TOGGLE_NAVIGATION": "Toggle navigation",
  "TRANSLATED_BY": "Translated by:",
  "TRANSLATOR": "The Jared Wilcurt",
  "TRANSLATOR_MEME": "Hank Hill, from King of the Hill saying \"I process Sass, and Sass Mixins\".",
  "TRANSLATOR_URL": "http://TheJaredWilcurt.com",
  "UPDATE_FOUND": "Update found!",
  "VERSION": "Version",
  "VIEW": "View",
  "WELCOME_MESSAGE": "Welcome to Scout-App!",
  "WINDOW_SETTING": "Window"
}
