{
  "ABOUT": "Sobre",
  "ABOUT_CONTRIBUTORS": "Colaboradores de <a href='http://github.com/scout-app/scout-app' class='external-link'>Scout-App</a>:",
  "ABOUT_DEPENDENCIES": "<strong>Scout-App</strong> usa <a class='external-link' href='https://github.com/sass/node-sass'>node-sass</a> <span class='nodeSassVersion'></span> y <a class='external-link' href='https://github.com/paulmillr/chokidar'>chokidar</a> <span class='chokidarVersion'></span>.",
  "ABOUT_DESCRIPTION": "<strong>Scout-App</strong> permite procesar tus archivos <code>.sass</code> y <code>.scss</code> en CSS sin tener conocimiento de la línea de comandos.",
  "ABOUT_SCOUTAPP": "Sobre Scout-App",
  "ABOUT_VISIT_UPDATE": "Visitá la página web de Scout-App para buscar actualizaciones:",
  "ADD_A_PROJECT": "Agregar proyecto",
  "ADD_GROUP_OF_PROJECTS": "Agregar grupo de proyectos",
  "ADD_PROJECT": "Agregar proyecto",
  "ALERT_TITLE": "<strong>{{time}}</strong> Error (0x0{{code}}) - Línea: <strong>{{bugLine}}</strong> Col: <strong>{{col}}</strong>",
  "APPLICATION_TITLE": "Scout-App: La UI de Sass",
  "ATOMIC_LABEL": "Atomic ahorra demora",
  "ATOMIC_NOTE": "Si Scout-App no procesa los archivos al guardar, ajuste laconfiguración y reinicie el proyecto.",
  "AUTOMATIC_UPDATES": "Buscar actualizaciones al abrir",
  "BROWSE": "Buscar",
  "CANCEL": "Cancelar",
  "CAT_SCREAMING_NO": "Un gato grita: ¡No!",
  "CHECK_FOR_UPDATES": "Buscar actualizaciones",
  "CONFIRM_DELETE": "¿Seguro?",
  "DELETE": "Quitar",
  "DELETE_PROJECT": "Quitar proyecto",
  "DEVELOPMENT": "Desarrollo",
  "DEV_TOOLS": "Herramientas del desarrollador",
  "DOWNLOAD_UPDATE": "Descargue la última versión de Scout-App.",
  "ENVIRONMENT": "Entorno",
  "EXIT": "Salir",
  "FILE": "Archivo",
  "FILES": "Archivos",
  "FOUND_SOME_PROJECTS": "se encontraron {{0}} proyectos",
  "FTUX_DRAG_DROP": "<h3>Arrastrá y soltá</h3> <h4>en cualquier lgado para importar proyectos</h4>",
  "HIDE": "Ocultar",
  "IMPORT_ADD_GROUP": "Agregar grupo de proyectos",
  "IMPORT_ADD_PROJECT": "Agregar otro proyecto",
  "IMPORT_DRAG_DROP": "Arrastrar y soltar",
  "IMPORT_HEADER": "{{0}} proyectos seleccionados",
  "IMPORT_INPUT": "Entrada (Sass)",
  "IMPORT_OUTPUT": "Salida (CSS)",
  "IMPORT_PROJECTS": "Importar proyectos",
  "IMPORT_PROJECT_NAME": "Nombre del proyecto",
  "INPUT_FOLDER": "Carpeta de entrada",
  "LANGUAGE_CHOICE": "Idioma:",
  "LANG_AR": "Árabe (العربية)",
  "LANG_BG": "Búlgaro (български)",
  "LANG_DA": "Danés (Dansk)",
  "LANG_DE": "Alemán (Deutsch)",
  "LANG_EN": "Inglés (English)",
  "LANG_ES": "Español",
  "LANG_ES-AR": "Español Argentina",
  "LANG_FA": "Persa (فارسی)",
  "LANG_FI": "Finlandés (Suomen)",
  "LANG_FR": "Francés (Français)",
  "LANG_HE": "Hebreo (עִברִית)",
  "LANG_HU": "Húngaro (Magyar)",
  "LANG_ID": "Indonesio (Indonesia)",
  "LANG_IT": "Italiano (Italiano)",
  "LANG_JA": "Japonés (日本語)",
  "LANG_MR": "Marathi (मराठी)",
  "LANG_NL": "Holandés (Nederlands)",
  "LANG_NO": "Noruego (Norsk)",
  "LANG_PL": "Polaco (Polski)",
  "LANG_PT-BR": "Portugués Brasileño (Brazilian Portuguese)",
  "LANG_RK": "Campesino (Real America)",
  "LANG_RO": "Rumano (Română)",
  "LANG_RU": "Ruso (русский)",
  "LANG_SQ": "Albanés (Shqip)",
  "LANG_SV": "Sueco (Svenska)",
  "LANG_TR": "Turco (Türkçe)",
  "LANG_UK": "Ucraniano (Українська)",
  "LANG_VI": "Vietnamita (Tiếng Việt)",
  "LANG_ZH-CHT": "Chino Tradicional (中文)",
  "LANG_ZH-CN": "Chino Simplificado (简体中文)",
  "LATEST_VERSION": "Tenés la versión más reciente de Scout-App.",
  "LINEFEED": "Linea de alimentación",
  "LINEFEED_CRLF": "CRLF",
  "LINEFEED_LF": "LF (predeterminado)",
  "LISTING_OF_PROJECTS": "Listado de proyectos",
  "MESSAGES_DESKTOP": "Notificaciones de escritorio",
  "MESSAGES_IN_APP": "En la aplicación",
  "MESSAGES_SOUND": "Reproducir sonido",
  "MESSAGES_TITLE_ERROR": "Mensajes de error",
  "MESSAGES_TITLE_SUCCESS": "Mensajes de éxito",
  "MILLISECONDS_SHORT": "ms",
  "MISSING_DATA": "Falta carpeta de entrada o salida.",
  "MULTIPROJECT_IMPORT": "Importar múltiples proyectos",
  "MULTI_IMPORT_BUTTON": "Importar {{0}} proyectos",
  "NEW_PROJECT": "Nuevo proyecto",
  "NOTIFICATIONS_CHOICE": "Notificaciones",
  "NO_SASS_FILES": "La carpeta de entrada de este proyecto no tiene ningún archivo Sass que se pueda procesar",
  "OUTPUT_COMPACT": "Compacto",
  "OUTPUT_COMPRESSED": "Comprimido",
  "OUTPUT_EXPANDED": "Expandido",
  "OUTPUT_FOLDER": "Carpeta de salida:",
  "OUTPUT_NESTED": "Anidado",
  "OUTPUT_STYLE": "Estilo de salida",
  "OUTPUT_WARNING": "La carpeta de salida no puede ser una sub-carpeta de o la misma carpeta de entrada",
  "PREFERENCES": "Preferencias",
  "PROCESSED_IN_DURATION": "Procesado en {{duration}}",
  "PRODUCTION": "Producción",
  "PROJECT_CONTROLS": "Controles del proyecto",
  "PROJECT_ICON": "Icono del proyecto",
  "SCOUTAPP_LOGO": "Logo de Scout-App",
  "SECONDS": "segundos",
  "SELECT_DESELECT_ALL": "Seleccionar/deseleccionar todo",
  "SELECT_GROUP_FOLDER": "seleccionar el grupo de carpetas",
  "SELECT_PROJECT_FOLDER": "seleccionar la carpeta del proyecto",
  "SEND_TO_TRAY_ON_CLOSE": "Enviar a la bandeja al cerrar",
  "SERVER_DOWN": "No se puede conectar con el servidor de actualizaciones. Intentá de nuevo más tarde.",
  "SHOW": "Mostrar",
  "START_MINIMIZED": "Iniciar minimizado",
  "STATUS": "Estado",
  "STATUS_OF_ALL_PROJECTS": "Estado de  todos los proyectos",
  "STYLESHEET_CHOICE": "Tema:",
  "STYLESHEET_DIRECTORIES": "Directorios de hojash de estilo",
  "TOGGLE_NAVIGATION": "Activar barra de navegación",
  "TRANSLATED_BY": "Traducido por:",
  "TRANSLATOR": "Mariano Wadi Jacobo",
  "TRANSLATOR_MEME": "El Chavo del 8 y su muletilla:\"¡Sas! ¡Sas!\"",
  "TRANSLATOR_URL": "http://www.marianojacobo.com",
  "UPDATE_FOUND": "¡Se encontró una actualización!",
  "VERSION": "Versión",
  "VIEW": "Versión",
  "WELCOME_MESSAGE": "¡Bienvenidos a Scout-App!",
  "WINDOW_SETTING": "Ventana"
}
