{
  "ABOUT": "Acerca de",
  "ABOUT_CONTRIBUTORS": "Colaboradores de <a href='http://github.com/scout-app/scout-app' class='external-link'>Scout-App</a>:",
  "ABOUT_DEPENDENCIES": "<strong>Scout-App</strong> usa <a class='external-link' href='https://github.com/sass/node-sass'>node-sass</a> <span class='nodeSassVersion'></span> y <a class='external-link' href='https://github.com/paulmillr/chokidar'>chokidar</a> <span class='chokidarVersion'></span>.",
  "ABOUT_DESCRIPTION": "<strong>Scout-App</strong> le permite procesar sus ficheros <code>.sass</code> y <code>.scss</code>  en CSS sin necesitar ningún conocimiento de la linea de comandos.",
  "ABOUT_SCOUTAPP": "Acerca de Scout-App",
  "ABOUT_VISIT_UPDATE": "Visitar el sitio web de Scout-App para comprobar las actualizaciones:",
  "ADD_A_PROJECT": "Añadir un proyecto",
  "ADD_GROUP_OF_PROJECTS": "Añadir un grupo de proyectos",
  "ADD_PROJECT": "Añadir proyecto",
  "ALERT_TITLE": "<strong>{{time}}</strong> Error (0x0{{code}}) - Line: <strong>{{bugLine}}</strong> Col: <strong>{{col}}</strong>",
  "APPLICATION_TITLE": "Scout-App: la interfaz gráfica de Sass",
  "ATOMIC_LABEL": "Atomic ahorra demora",
  "ATOMIC_NOTE": "Si Scout-App no procesa los archivos al guardar, ajuste la configuración y reinicie el proyecto.",
  "AUTOMATIC_UPDATES": "Buscar actualizaciones al abrir",
  "BROWSE": "Examinar",
  "CANCEL": "Cancelar",
  "CAT_SCREAMING_NO": "El gato grita ¡NO!",
  "CHECK_FOR_UPDATES": "Comprobar actualizaciones",
  "CONFIRM_DELETE": "¿Estás seguro?",
  "DELETE": "Eliminar",
  "DELETE_PROJECT": "Eliminar proyecto",
  "DEVELOPMENT": "Desarrollo",
  "DEV_TOOLS": "Herramientas para desarrolladores",
  "DOWNLOAD_UPDATE": "Descargue la última versión de Scout-App.",
  "ENVIRONMENT": "Entorno",
  "EXIT": "Salir",
  "FILE": "Archivo",
  "FILES": "Archivos",
  "FOUND_SOME_PROJECTS": "{{0}} proyectos encontrados",
  "FTUX_DRAG_DROP": "<h3>Arrastra y suelta</h3> <h4>en cualquier lugar para importar proyectos</h4>",
  "HIDE": "Ocultar",
  "IMPORT_ADD_GROUP": "Añadir un grupo de proyectos",
  "IMPORT_ADD_PROJECT": "Añadir otro proyecto",
  "IMPORT_DRAG_DROP": "Arrastrar y soltar",
  "IMPORT_HEADER": "{{0}} proyectos seleccionados",
  "IMPORT_INPUT": "Entrada (Sass)",
  "IMPORT_OUTPUT": "Salida (CSS)",
  "IMPORT_PROJECTS": "Importar proyectos",
  "IMPORT_PROJECT_NAME": "Nombre del proyecto",
  "INPUT_FOLDER": "Carpeta de entrada:",
  "LANGUAGE_CHOICE": "Idioma:",
  "LANG_AR": "Árabe (العربية)",
  "LANG_BG": "Búlgaro (български)",
  "LANG_DA": "Danés (Dansk)",
  "LANG_DE": "Alemán (Deutsch)",
  "LANG_EN": "Inglés (English)",
  "LANG_ES": "Español",
  "LANG_ES-AR": "Español Argentina",
  "LANG_FA": "Persa (فارسی)",
  "LANG_FI": "Finlandés (Suomen)",
  "LANG_FR": "Francés (Français)",
  "LANG_HE": "Hebreo (עִברִית)",
  "LANG_HU": "Húngaro (Magyar)",
  "LANG_ID": "Indonesio (Indonesia)",
  "LANG_IT": "Italiano (Italiano)",
  "LANG_JA": "Japonés (日本語)",
  "LANG_MR": "Marathi (मराठी)",
  "LANG_NL": "Holandés (Nederlands)",
  "LANG_NO": "Noruego (Norsk)",
  "LANG_PL": "Polaco (Polski)",
  "LANG_PT-BR": "Portugués Brasileño (Brazilian Portuguese)",
  "LANG_RK": "Campesino Sureño (Real America)",
  "LANG_RO": "Rumano (Română)",
  "LANG_RU": "Ruso (русский)",
  "LANG_SQ": "Albanés (Shqip)",
  "LANG_SV": "Sueco (Svenska)",
  "LANG_TR": "Turco (Türkçe)",
  "LANG_UK": "Ucraniano (Українська)",
  "LANG_VI": "Vietnamita (Tiếng Việt)",
  "LANG_ZH-CHT": "Chino Tradicional (中文)",
  "LANG_ZH-CN": "Chino Simplificado (简体中文)",
  "LATEST_VERSION": "Tienes la última versión de Scout-App.",
  "LINEFEED": "Linea de alimentación",
  "LINEFEED_CRLF": "CRLF",
  "LINEFEED_LF": "LF (predeterminado)",
  "LISTING_OF_PROJECTS": "Listado de proyectos",
  "MESSAGES_DESKTOP": "Notificación de Escritorio",
  "MESSAGES_IN_APP": "En App",
  "MESSAGES_SOUND": "Reproducir Sonido",
  "MESSAGES_TITLE_ERROR": "Mensajes de Error",
  "MESSAGES_TITLE_SUCCESS": "Mensajes de Éxito",
  "MILLISECONDS_SHORT": "ms",
  "MISSING_DATA": "Ausencia de carpeta de entrada o salida",
  "MULTIPROJECT_IMPORT": "Importación de Múltiples Proyectos",
  "MULTI_IMPORT_BUTTON": "Importar {{0}} Proyectos",
  "NEW_PROJECT": "Nuevo Proyecto",
  "NOTIFICATIONS_CHOICE": "Notificaciones",
  "NO_SASS_FILES": "La carpeta de entrada de este proyecto no contiene archivos Sass que se pueden procesar.",
  "OUTPUT_COMPACT": "Compacto",
  "OUTPUT_COMPRESSED": "Comprimido",
  "OUTPUT_EXPANDED": "Expandido",
  "OUTPUT_FOLDER": "Carpeta de Salida:",
  "OUTPUT_NESTED": "Anidado",
  "OUTPUT_STYLE": "Estilo de Salida",
  "OUTPUT_WARNING": "La salida no puede coincidir o ser una subcarpeta de entrada.",
  "PREFERENCES": "Preferencias",
  "PROCESSED_IN_DURATION": "Procesado en {{duration}}",
  "PRODUCTION": "Producción",
  "PROJECT_CONTROLS": "Controles del Proyecto",
  "PROJECT_ICON": "Icono del Proyecto",
  "SCOUTAPP_LOGO": "Logo de Scout-App",
  "SECONDS": "segundos",
  "SELECT_DESELECT_ALL": "Seleccionar/Deseleccionar todo",
  "SELECT_GROUP_FOLDER": "seleccione la carpeta del grupo",
  "SELECT_PROJECT_FOLDER": "seleccione una carpeta de proyecto",
  "SEND_TO_TRAY_ON_CLOSE": "Enviar a la bandeja al cerrar",
  "SERVER_DOWN": "No se ha podido conectar con el servidor de actualización. Inténtelo de nuevo más tarde.",
  "SHOW": "Mostrar",
  "START_MINIMIZED": "Iniciar minimizado",
  "STATUS": "Estado",
  "STATUS_OF_ALL_PROJECTS": "Estado de todos los Proyectos",
  "STYLESHEET_CHOICE": "Tema:",
  "STYLESHEET_DIRECTORIES": "Directorios de Hojas de Estilo",
  "TOGGLE_NAVIGATION": "Cambiar modo de navegación",
  "TRANSLATED_BY": "Traducido por:",
  "TRANSLATOR": "Ireneml.fr",
  "TRANSLATOR_MEME": "DEMASIADO CSS PUEDE SER LA PEOR DE LAS LOCURAS. VER CSS COMO ES Y NO COMO DEBERÍA SER.",
  "TRANSLATOR_URL": "http://ireneml.fr",
  "UPDATE_FOUND": "¡Actualización encontrada!",
  "VERSION": "Versión",
  "VIEW": "Ver",
  "WELCOME_MESSAGE": "¡Bienvenido a Scout-App!",
  "WINDOW_SETTING": "Ventana"
}
