{
  "ABOUT": "Tietoa",
  "ABOUT_CONTRIBUTORS": "Avustajat  <a href='http://github.com/scout-app/scout-app' class='external-link'>Scout-App</a>:",
  "ABOUT_DEPENDENCIES": "<strong>Scout-App</strong> hyödyntää <a class='external-link' href='https://github.com/sass/node-sass'>node-sassia</a> <span class='nodeSassVersion'></span> ja <a class='external-link' href='https://github.com/paulmillr/chokidar'>chokidaria</a> <span class='chokidarVersion'></span>.",
  "ABOUT_DESCRIPTION": "<strong>Scout-App</strong> sallii sinun prosessoida <code>.sass</code> and <code>.scss</code> -tiedostaja CSS-tiedostoiksi ilman komentorivitietoutta.",
  "ABOUT_SCOUTAPP": "Tietoa Scout-Appista",
  "ABOUT_VISIT_UPDATE": "Käy Scout-Appin verkkosivuilla tarkistaaksesi päivityksistä:",
  "ADD_A_PROJECT": "Lisää projekti",
  "ADD_GROUP_OF_PROJECTS": "Lisää ryhmä projekteja",
  "ADD_PROJECT": "Lisää projekti",
  "ALERT_TITLE": "<strong>{{time}}</strong> Virheilmoitus (0x0{{code}}) - Rivi: <strong>{{bugLine}}</strong> Sarake: <strong>{{col}}</strong>",
  "APPLICATION_TITLE": "Scout-App: Sass käyttöliittymä",
  "ATOMIC_LABEL": "Atomic säästää viivettä",
  "ATOMIC_NOTE": "Jos Scout-App ei käsittele tallennettavia tiedostoja, muuta tätä asetusta ja käynnistä projektisi uudelleen.",
  "AUTOMATIC_UPDATES": "Tarkista päivitykset käynnistyksen yhteydessä",
  "BROWSE": "Selaa",
  "CANCEL": "Peruuta",
  "CAT_SCREAMING_NO": "Kissa huutaa 'EI!'",
  "CHECK_FOR_UPDATES": "Tarkista päivitykset",
  "CONFIRM_DELETE": "Oletko varma?",
  "DELETE": "Poista",
  "DELETE_PROJECT": "Poista projekti",
  "DEVELOPMENT": "Kehitys",
  "DEV_TOOLS": "Kehittäjätyökalut",
  "DOWNLOAD_UPDATE": "Lataa Scout-Appin uusin versio.",
  "ENVIRONMENT": "Ympäristö",
  "EXIT": "Poistu",
  "FILE": "Tiedosto",
  "FILES": "Tiedostot",
  "FOUND_SOME_PROJECTS": "{{0}} projektia löytyi",
  "FTUX_DRAG_DROP": "<h3>Vedä ja pudota</h3> <h4>mihin tahansa tuodaaksesi projekti</h4>",
  "HIDE": "Piilota",
  "IMPORT_ADD_GROUP": "Lisää ryhmä projekteja",
  "IMPORT_ADD_PROJECT": "Lisää toinen projekti",
  "IMPORT_DRAG_DROP": "Vedä ja pudota",
  "IMPORT_HEADER": "{{0}} Valittua projektia",
  "IMPORT_INPUT": "Sisääntulo",
  "IMPORT_OUTPUT": "Ulostulo",
  "IMPORT_PROJECTS": "Tuo projekteja",
  "IMPORT_PROJECT_NAME": "Projektin nimi",
  "INPUT_FOLDER": "Sisääntulokansio",
  "LANGUAGE_CHOICE": "Kieli:",
  "LANG_AR": "Arabialainen (العربية)",
  "LANG_BG": "Bulgarialainen (български)",
  "LANG_DA": "Tanska (Dansk)",
  "LANG_DE": "Saksa (Deutsch)",
  "LANG_EN": "Englanti (English)",
  "LANG_ES": "Espanja (Español)",
  "LANG_ES-AR": "Espanjan Argentiina (Español Argentina)",
  "LANG_FA": "Persia (فارسی)",
  "LANG_FI": "Suomen",
  "LANG_FR": "Ranska (Français)",
  "LANG_HE": "Heprea (עִברִית)",
  "LANG_HU": "Unkari (Magyar)",
  "LANG_ID": "Indonesialainen (Indonesia)",
  "LANG_IT": "Italia (Italiano)",
  "LANG_JA": "Japanilainen (日本語)",
  "LANG_MR": "Marathi (मराठी)",
  "LANG_NL": "Alankomaat (Nederlands)",
  "LANG_NO": "Norjan (Norsk)",
  "LANG_PL": "Kiillottaa (Polski)",
  "LANG_PT-BR": "Brasilian Portugali (Português do Brasil)",
  "LANG_RK": "Punaniska (Real America)",
  "LANG_RO": "Romanialainen (Română)",
  "LANG_RU": "Venäjä (русский)",
  "LANG_SQ": "Albanialainen (Shqip)",
  "LANG_SV": "Ruotsin kieli (Svenska)",
  "LANG_TR": "Turkki (Türkçe)",
  "LANG_UK": "Ukrainan (Українська)",
  "LANG_VI": "Vietnami (Tiếng Việt)",
  "LANG_ZH-CHT": "Perinteinen Kiina (中文)",
  "LANG_ZH-CN": "Yksinkertaistettu Kiina (简体中文)",
  "LATEST_VERSION": "Sinulla on uusin versio Scout-Appista",
  "LINEFEED": "Rivinvaihdon",
  "LINEFEED_CRLF": "CRLF",
  "LINEFEED_LF": "LF (oletus)",
  "LISTING_OF_PROJECTS": "Listataan projekteja",
  "MESSAGES_DESKTOP": "Työpöytäilmoitukset",
  "MESSAGES_IN_APP": "Sovelluksen sisällä",
  "MESSAGES_SOUND": "Toista äänimerkki",
  "MESSAGES_TITLE_ERROR": "Virheilmoitukset",
  "MESSAGES_TITLE_SUCCESS": "Onnistumisviestit",
  "MILLISECONDS_SHORT": "ms",
  "MISSING_DATA": "Puuttuva sisään- tai ulostulokansio.",
  "MULTIPROJECT_IMPORT": "Monen projektin tuonti",
  "MULTI_IMPORT_BUTTON": "Tuo {{0}} projektia",
  "NEW_PROJECT": "Uusi projekti",
  "NOTIFICATIONS_CHOICE": "Ilmoitukset",
  "NO_SASS_FILES": "Tämän projektin sisääntulokansiossa ei ole Sass-tiedostoja prosessoitavaksi.",
  "OUTPUT_COMPACT": "Kompakti",
  "OUTPUT_COMPRESSED": "Kompressoitu",
  "OUTPUT_EXPANDED": "Laajennettu",
  "OUTPUT_FOLDER": "Ulostulokansio",
  "OUTPUT_NESTED": "Sisäkkäinen",
  "OUTPUT_STYLE": "Ulostuonnin tyyli",
  "OUTPUT_WARNING": "Ulostulo ei voi vastata tai olla sisääntulokansion alikansio",
  "PREFERENCES": "Asetukset",
  "PROCESSED_IN_DURATION": "Prosessoitiin {{duration}}",
  "PRODUCTION": "Tuotanto",
  "PROJECT_CONTROLS": "Projektin hallintanapit",
  "PROJECT_ICON": "Projektin ikoni",
  "SCOUTAPP_LOGO": "Scout-Appin logo",
  "SECONDS": "sekuntia",
  "SELECT_DESELECT_ALL": "Valitse kaikki / Poista valinta kaikesta",
  "SELECT_GROUP_FOLDER": "valitse ryhmäkansio",
  "SELECT_PROJECT_FOLDER": "Valitse projektikansio",
  "SEND_TO_TRAY_ON_CLOSE": "Lähetä alustaan suljettuna",
  "SERVER_DOWN": "Päivityspalvelin ei tavoitettavissa. Yritä myöhemmin uudestaan.",
  "SHOW": "Näytä",
  "START_MINIMIZED": "Aloita minimoitu",
  "STATUS": "Status",
  "STATUS_OF_ALL_PROJECTS": "Kaikkien projektien status",
  "STYLESHEET_CHOICE": "Teema:",
  "STYLESHEET_DIRECTORIES": "Tyylitiedostojen kansiot",
  "TOGGLE_NAVIGATION": "Avaa / Piilota navigaatio",
  "TRANSLATED_BY": "Kääntäjä:",
  "TRANSLATOR": "Sami Singh",
  "TRANSLATOR_MEME": "Hank Hill Kukkulan Kuninkaasta sanomassa \"Prosessoin Sassia ja Sass-mixineitä\".",
  "TRANSLATOR_URL": "https://httpster.io",
  "UPDATE_FOUND": "Päivitys löytynyt!",
  "VERSION": "Versio",
  "VIEW": "Näytä",
  "WELCOME_MESSAGE": "Tervetuloa Scout-Appiin!",
  "WINDOW_SETTING": "Ikkuna"
}
