{
  "ABOUT": "Névjegy",
  "ABOUT_CONTRIBUTORS": "A <a href='http://github.com/scout-app/scout-app' class='external-link'>Scout-App</a> fejlesztésében közreműködtek:",
  "ABOUT_DEPENDENCIES": "A <strong>Scout-App</strong> <a class='external-link' href='https://github.com/sass/node-sass'>node-sass</a> <span class='nodeSassVersion'></span> és <a class='external-link' href='https://github.com/paulmillr/chokidar'>chokidar</a> <span class='chokidarVersion'></span> használatával működik.",
  "ABOUT_DESCRIPTION": "A <strong>Scout-App</strong> segít feldolgozni a <code>.sass</code> és <code>.scss</code> fájlokat, hogy parancssor ismerete nélkül is CSS stílusfájlt generálhassunk.",
  "ABOUT_SCOUTAPP": "Scout-App névjegye",
  "ABOUT_VISIT_UPDATE": "Az aktuális frissítésekért látogasson el a Scout-App honlapjára:",
  "ADD_A_PROJECT": "Projekt hozzáadása",
  "ADD_GROUP_OF_PROJECTS": "Projektcsoport hozzáadása",
  "ADD_PROJECT": "Projekt hozzáadása",
  "ALERT_TITLE": "<strong>{{time}}</strong> Hiba (0x0{{code}}) - Sor: <strong>{{bugLine}}</strong>, oszlop: <strong>{{col}}</strong>",
  "APPLICATION_TITLE": "Scout-App: Sass Grafikus interfész",
  "ATOMIC_LABEL": "Automatikus mentési idő",
  "ATOMIC_NOTE": "Ha a Scout-App nem dolgozza fel a fájlokat a mentéskor, módosítsa ezt a beállítást, és indítsa újra a projektet.",
  "AUTOMATIC_UPDATES": "Frissítések ellenőrzése induláskor",
  "BROWSE": "Tallózás",
  "CANCEL": "Mégse",
  "CAT_SCREAMING_NO": "Miaúúú 'NEEE!'",
  "CHECK_FOR_UPDATES": "Frissítések keresése",
  "CONFIRM_DELETE": "Biztosan eltávolítja?",
  "DELETE": "Eltávolítás",
  "DELETE_PROJECT": "Projekt eltávolítása",
  "DEVELOPMENT": "Fejlesztői",
  "DEV_TOOLS": "Fejlesztői eszközök",
  "DOWNLOAD_UPDATE": "Scout-App legújabb verziójának letöltése.",
  "ENVIRONMENT": "Környezet",
  "EXIT": "Kilépés",
  "FILE": "Fájl",
  "FILES": "Fájlok",
  "FOUND_SOME_PROJECTS": "{{0}} projekt található",
  "FTUX_DRAG_DROP": "<h3>Fogd és vidd</h3> <h4>bárhonnan importálhatók projektek</h4>",
  "HIDE": "Elrejtés",
  "IMPORT_ADD_GROUP": "Projektcsoport hozzáadása",
  "IMPORT_ADD_PROJECT": "Újabb projekt hozzáadása",
  "IMPORT_DRAG_DROP": "Fogd és vidd",
  "IMPORT_HEADER": "{{0}} kiválasztott projekt",
  "IMPORT_INPUT": "Bemenet (Sass)",
  "IMPORT_OUTPUT": "Kimenet (CSS)",
  "IMPORT_PROJECTS": "Projekt importálása",
  "IMPORT_PROJECT_NAME": "Projekt neve",
  "INPUT_FOLDER": "Bemeneti mappa:",
  "LANGUAGE_CHOICE": "Nyelv:",
  "LANG_AR": "Arab (العربية)",
  "LANG_BG": "Bolgár (български)",
  "LANG_DA": "Dán (Dansk)",
  "LANG_DE": "Német (Deutsch)",
  "LANG_EN": "Angol (English)",
  "LANG_ES": "Spanyol (Español)",
  "LANG_ES-AR": "Argentín Spanyol (Español Argentina)",
  "LANG_FA": "Fárszi (فارسی)",
  "LANG_FI": "Finn (Suomen)",
  "LANG_FR": "Francia (Français)",
  "LANG_HE": "Héber (עִברִית)",
  "LANG_HU": "Magyar",
  "LANG_ID": "Indonéz (Indonesia)",
  "LANG_IT": "Olasz (Italiano)",
  "LANG_JA": "Japán (日本語)",
  "LANG_MR": "Maráthi (मराठी)",
  "LANG_NL": "Holland (Nederlands)",
  "LANG_NO": "Norvég (Norsk)",
  "LANG_PL": "Lengyel (Polski)",
  "LANG_PT-BR": "Brazil Portugál (Português do Brasil)",
  "LANG_RK": "Paraszt Amcsi (Redneck)",
  "LANG_RO": "Román (Română)",
  "LANG_RU": "Orosz (русский)",
  "LANG_SQ": "Albán (Shqip)",
  "LANG_SV": "Svéd (Svenska)",
  "LANG_TR": "Török (Türkçe)",
  "LANG_UK": "Ukrán (Українська)",
  "LANG_VI": "Vietnami (Tiếng Việt)",
  "LANG_ZH-CHT": "Hagyományos Kínai (中文)",
  "LANG_ZH-CN": "Egyszerűsített Kínai (简体中文)",
  "LATEST_VERSION": "A Scout-App legújabb verziója.",
  "LINEFEED": "Sortörés",
  "LINEFEED_CRLF": "CRLF",
  "LINEFEED_LF": "LF (alapértelmezett)",
  "LISTING_OF_PROJECTS": "Projektek listája",
  "MESSAGES_DESKTOP": "Asztali értesítések",
  "MESSAGES_IN_APP": "Az alkalmazásban",
  "MESSAGES_SOUND": "Hangjelzés",
  "MESSAGES_TITLE_ERROR": "Hibaüzenetek",
  "MESSAGES_TITLE_SUCCESS": "Teljesítési üzenetek",
  "MILLISECONDS_SHORT": "ms",
  "MISSING_DATA": "Hiányzó bemeneti, vagy kimeneti mappa.",
  "MULTIPROJECT_IMPORT": "Projektek importálása",
  "MULTI_IMPORT_BUTTON": "{{0}} projekt importálása",
  "NEW_PROJECT": "Új projekt",
  "NOTIFICATIONS_CHOICE": "Értesítések",
  "NO_SASS_FILES": "A projekt bemeneti mappájában nem találhatók sass fájlok.",
  "OUTPUT_COMPACT": "Kompakt",
  "OUTPUT_COMPRESSED": "Tömörített",
  "OUTPUT_EXPANDED": "Kiterjesztett",
  "OUTPUT_FOLDER": "Kimeneti mappa:",
  "OUTPUT_NESTED": "Beágyazott",
  "OUTPUT_STYLE": "A kimeneti CSS fájl stílusa",
  "OUTPUT_WARNING": "A kimeneti hely nem megfelelő, vagy a bemenet egy almappája.",
  "PREFERENCES": "Beállítások",
  "PROCESSED_IN_DURATION": "{{duration}} alatt feldolgozva",
  "PRODUCTION": "Produkciós",
  "PROJECT_CONTROLS": "Projekt vezérlők",
  "PROJECT_ICON": "Projekt ikon",
  "SCOUTAPP_LOGO": "Scout-App logó",
  "SECONDS": "másodperc",
  "SELECT_DESELECT_ALL": "Mind kijelölése / Kijelölések törlése",
  "SELECT_GROUP_FOLDER": "csoportos mappa kiválasztás",
  "SELECT_PROJECT_FOLDER": "projekt mappa kiválasztása",
  "SEND_TO_TRAY_ON_CLOSE": "Küldés a rendszerbárba bezáráskor",
  "SERVER_DOWN": "Nem sikerült elérni a frissítési szervert! Próbálja meg később.",
  "SHOW": "Megjelenítés",
  "START_MINIMIZED": "Kicsinyítve indítás",
  "STATUS": "Státusz",
  "STATUS_OF_ALL_PROJECTS": "Projektek állapotai",
  "STYLESHEET_CHOICE": "Téma:",
  "STYLESHEET_DIRECTORIES": "Stíluslap könyvtárak",
  "TOGGLE_NAVIGATION": "Lenyíló navigáció",
  "TRANSLATED_BY": "Fordította:",
  "TRANSLATOR": "Somfai Tibor ( w3suli.com )",
  "TRANSLATOR_MEME": "Somfai Tibor - Web development is the best game. (A webfejlesztés a legjobb játék.)",
  "TRANSLATOR_URL": "http://w3suli.com",
  "UPDATE_FOUND": "Frissítés elérhető!",
  "VERSION": "Verzió",
  "VIEW": "Nézet",
  "WELCOME_MESSAGE": "Üdvözlet ez a Scout-App!",
  "WINDOW_SETTING": "Ablak"
}
