{
  "ABOUT": "Crediti",
  "ABOUT_CONTRIBUTORS": "Chi ha contribuito a <a href='http://github.com/scout-app/scout-app' class='external-link'>Scout-App</a>:",
  "ABOUT_DEPENDENCIES": "<strong>Scout-App</strong> utilizza <a class='external-link' href='https://github.com/sass/node-sass'>node-sass</a> <span class='nodeSassVersion'></span> e <a class='external-link' href='https://github.com/paulmillr/chokidar'>chokidar</a> <span class='chokidarVersion'></span>.",
  "ABOUT_DESCRIPTION": "<strong>Scout-App</strong> ti permette di compilare il tuoi file <code>.sass</code> e <code>.scss</code> in CSS senza conoscere e utilizzare la linea di comando.",
  "ABOUT_SCOUTAPP": "Informazioni su Scout-App",
  "ABOUT_VISIT_UPDATE": "Visita il sito di Scout-App per verificare gli aggiornamenti:",
  "ADD_A_PROJECT": "Aggiungi un progetto",
  "ADD_GROUP_OF_PROJECTS": "Aggiungi un gruppo di progetti",
  "ADD_PROJECT": "Aggiungi progetto",
  "ALERT_TITLE": "<strong>{{time}}</strong> Errore (0x0{{code}}) - Linea: <strong>{{bugLine}}</strong> Col: <strong>{{col}}</strong>",
  "APPLICATION_TITLE": "Scout-App: L'interfaccia grafica per Sass",
  "ATOMIC_LABEL": "Salvataggio ritardato",
  "ATOMIC_NOTE": "Se Scout-App non riuscisse ad elaborare i files \"al salvataggio\", regola questa impostazione e riavvia il progetto.",
  "AUTOMATIC_UPDATES": "Controlla gli aggiornamenti all'avvio",
  "BROWSE": "Naviga",
  "CANCEL": "Annulla",
  "CAT_SCREAMING_NO": "Il gatto dice di NO!",
  "CHECK_FOR_UPDATES": "Controlla aggiornamenti",
  "CONFIRM_DELETE": "Sei sicuro?",
  "DELETE": "Rimuovi",
  "DELETE_PROJECT": "Rimuovi progetto",
  "DEVELOPMENT": "Sviluppo",
  "DEV_TOOLS": "Strumenti di sviluppo",
  "DOWNLOAD_UPDATE": "Scarica l'ultima versione di Scout-App.",
  "ENVIRONMENT": "Tipo di ambiente",
  "EXIT": "Esci",
  "FILE": "File",
  "FILES": "File",
  "FOUND_SOME_PROJECTS": "trovati {{0}} progetti",
  "FTUX_DRAG_DROP": "<h3>Trascina qui</ h3> <h4>per importare i progetti</h4>",
  "HIDE": "Nascondere",
  "IMPORT_ADD_GROUP": "Aggiungi un gruppo di progetti",
  "IMPORT_ADD_PROJECT": "Aggiungi un altro progetto",
  "IMPORT_DRAG_DROP": "Trascina e Rilascia",
  "IMPORT_HEADER": "{{0}} progetti selezionati",
  "IMPORT_INPUT": "Origine (Sass)",
  "IMPORT_OUTPUT": "Destinazione (CSS)",
  "IMPORT_PROJECTS": "Importa progetti",
  "IMPORT_PROJECT_NAME": "Nome del Progetto",
  "INPUT_FOLDER": "Cartella di origine:",
  "LANGUAGE_CHOICE": "Lingua:",
  "LANG_AR": "Arabo (العربية)",
  "LANG_BG": "Bulgaro (български)",
  "LANG_DA": "Danese (Dansk)",
  "LANG_DE": "Tedesco (Deutsch)",
  "LANG_EN": "Inglese (English)",
  "LANG_ES": "Spagnolo (Español)",
  "LANG_ES-AR": "Spagnolo Argentino (Español Argentina)",
  "LANG_FA": "Persiano (فارسی)",
  "LANG_FI": "Finlandese (Suomen)",
  "LANG_FR": "Francese (Français)",
  "LANG_HE": "Ebraico (עִברִית)",
  "LANG_HU": "Ungherese (Magyar)",
  "LANG_ID": "Indonesiano (Indonesia)",
  "LANG_IT": "Italiano",
  "LANG_JA": "Giapponese (日本語)",
  "LANG_MR": "Marathi (मराठी)",
  "LANG_NL": "Olandese (Nederlands)",
  "LANG_NO": "Norvegese (Norsk)",
  "LANG_PL": "Polacco (Polski)",
  "LANG_PT-BR": "Portoghese Brasiliano (Português do Brasil)",
  "LANG_RK": "Americano Campagnolo (Redneck)",
  "LANG_RO": "Rumeno (Română)",
  "LANG_RU": "Russo (русский)",
  "LANG_SQ": "Albanese (Shqip)",
  "LANG_SV": "Svedese (Svenska)",
  "LANG_TR": "Turco (Türkçe)",
  "LANG_UK": "Ucraino (Українська)",
  "LANG_VI": "Vietnamita (Tiếng Việt)",
  "LANG_ZH-CHT": "Cinese Tradizionale (中文)",
  "LANG_ZH-CN": "Cinese Semplificato (简体中文)",
  "LATEST_VERSION": "Stai usando l'ultima versione di Scout-App.",
  "LINEFEED": "Terminatore di riga",
  "LINEFEED_CRLF": "CRLF",
  "LINEFEED_LF": "LF (predefinito)",
  "LISTING_OF_PROJECTS": "Lista dei progetti",
  "MESSAGES_DESKTOP": "Notifiche desktop.",
  "MESSAGES_IN_APP": "Nell'App",
  "MESSAGES_SOUND": "Notifica con suono",
  "MESSAGES_TITLE_ERROR": "Messaggi d'errore",
  "MESSAGES_TITLE_SUCCESS": "Messaggi di conferma",
  "MILLISECONDS_SHORT": "ms",
  "MISSING_DATA": "Cartella di origine o di destinazione mancante",
  "MULTIPROJECT_IMPORT": "Importa più progetti",
  "MULTI_IMPORT_BUTTON": "Importa {{0}} progetti",
  "NEW_PROJECT": "Nuovo processo",
  "NOTIFICATIONS_CHOICE": "Notifiche",
  "NO_SASS_FILES": "Questa cartella non contiene file Sass validi.",
  "OUTPUT_COMPACT": "Compatto",
  "OUTPUT_COMPRESSED": "Compresso",
  "OUTPUT_EXPANDED": "Espanso",
  "OUTPUT_FOLDER": "Cartella di destinazione:",
  "OUTPUT_NESTED": "Annidato",
  "OUTPUT_STYLE": "Stile del codice prodotto",
  "OUTPUT_WARNING": "La cartella di destinazione e di origine devono essere cartelle separate, non possono essere nè la stessa, nè essere sottocartelle.",
  "PREFERENCES": "Preferenze",
  "PROCESSED_IN_DURATION": "Processato in {{duration}}",
  "PRODUCTION": "Produzione",
  "PROJECT_CONTROLS": "Controlli del progetto",
  "PROJECT_ICON": "Icona del progetto",
  "SCOUTAPP_LOGO": "Logo di Scout-App",
  "SECONDS": "secondi",
  "SELECT_DESELECT_ALL": "Seleziona/deseleziona tutti",
  "SELECT_GROUP_FOLDER": "seleziona la cartella dei progetti",
  "SELECT_PROJECT_FOLDER": "selezionare una cartella di progetto",
  "SEND_TO_TRAY_ON_CLOSE": "Minimizza alla chiusura",
  "SERVER_DOWN": "Imossibile raggiungere il server degli aggiornamenti, riprova più tardi.",
  "SHOW": "Mostra",
  "START_MINIMIZED": "Parti minimizzato",
  "STATUS": "Stato",
  "STATUS_OF_ALL_PROJECTS": "Stato dei progetti",
  "STYLESHEET_CHOICE": "Tema:",
  "STYLESHEET_DIRECTORIES": "Cartelle degli stili",
  "TOGGLE_NAVIGATION": "Cambia navigazione",
  "TRANSLATED_BY": "Tradotto da:",
  "TRANSLATOR": "Luca Paco Palomba",
  "TRANSLATOR_MEME": "Tower of Pisa: .italy{ .pisa{ .tower{ font-style:italic } } }",
  "TRANSLATOR_URL": "https://github.com/lucapalomba",
  "UPDATE_FOUND": "Nuovo aggiornamento!",
  "VERSION": "Versione",
  "VIEW": "Visalizzazione",
  "WELCOME_MESSAGE": "Benvenuto su Scout-App",
  "WINDOW_SETTING": "Finestra"
}
