{
  "ABOUT": "बद्दल",
  "ABOUT_CONTRIBUTORS": "<a href='http://github.com/scout-app/scout-app' class='external-link'>स्काउट-अॅप</a> चे योगदानकर्ते",
  "ABOUT_DEPENDENCIES": "<strong>स्काउट-अॅप्स</strong> वापरते <a class='external-link' href='https://github.com/sass/node-sass'>node-sass</a> <span class='nodeSassVersion'></span> आणि <a class='external-link' href='https://github.com/paulmillr/chokidar'>chokidar</a> <span class='chokidarVersion'></span>.",
  "ABOUT_DESCRIPTION": "<strong>स्काउट-अॅप</strong> आपल्याला आपल्या <code>.sass</code> आणि <code>.scss</code> फाईल ला कमांड लाइनची कोणतीही माहिती न देता CSS मध्ये प्रक्रिया करण्यास अनुमती देते.",
  "ABOUT_SCOUTAPP": "स्काउट-अॅप बद्दल",
  "ABOUT_VISIT_UPDATE": "अद्यतनांसाठी तपासण्यासाठी स्काउट-अॅप्प वेबसाइटला भेट द्या:",
  "ADD_A_PROJECT": "एक प्रकल्प जोडा",
  "ADD_GROUP_OF_PROJECTS": "प्रकल्प समूह जोडा",
  "ADD_PROJECT": "प्रकल्प जोडा",
  "ALERT_TITLE": "<strong>{{time}}</strong> त्रुटी (0x0{{code}}) - ओळ: <strong>{{bugLine}}</strong> स्तंभ: <strong>{{col}}</strong>",
  "APPLICATION_TITLE": "स्काउट-अॅप: एक Sass GUI",
  "ATOMIC_LABEL": "अणू विलंब करते",
  "ATOMIC_NOTE": "स्काउट-अॅप जतन करण्यावरील फायली प्रक्रिया करत नसल्यास, ही सेटिंग समायोजित करा आणि आपले प्रोजेक्ट रीस्टार्ट करा.",
  "AUTOMATIC_UPDATES": "लाँचवरील अद्यतनांसाठी तपासा",
  "BROWSE": "पहा",
  "CANCEL": "रद्द करा",
  "CAT_SCREAMING_NO": "मांजर चीड 'नाही!'",
  "CHECK_FOR_UPDATES": "अद्यतनांसाठी तपासा",
  "CONFIRM_DELETE": "तुला खात्री आहे?",
  "DELETE": "हटवा",
  "DELETE_PROJECT": "प्रकल्प काढा",
  "DEVELOPMENT": "विकास",
  "DEV_TOOLS": "विकासक साधने",
  "DOWNLOAD_UPDATE": "स्काउट-अॅप्स ची नवीनतम आवृत्ती डाउनलोड करा",
  "ENVIRONMENT": "पर्यावरण",
  "EXIT": "निर्गमन करा",
  "FILE": "फाईल",
  "FILES": "फायली",
  "FOUND_SOME_PROJECTS": "{{0}} प्रकल्प आढळले",
  "FTUX_DRAG_DROP": "<h3>ड्रॅग आणि ड्रॉप</h3> <h4>कुठेही प्रोजेक्ट आयात करण्यास</h4>",
  "HIDE": "लपवा",
  "IMPORT_ADD_GROUP": "प्रकल्पांचा गट जोडा",
  "IMPORT_ADD_PROJECT": "आणखी एक प्रकल्प जोडा",
  "IMPORT_DRAG_DROP": "ओढा टाका",
  "IMPORT_HEADER": "{{0}} निवडलेले प्रकल्प",
  "IMPORT_INPUT": "इनपुट (Sass)",
  "IMPORT_OUTPUT": "आउटपुट (CSS)",
  "IMPORT_PROJECTS": "प्रकल्प आयात करा",
  "IMPORT_PROJECT_NAME": "प्रकल्पाचे नाव",
  "INPUT_FOLDER": "इनपुट फोल्डर:",
  "LANGUAGE_CHOICE": "भाषा:",
  "LANG_AR": "अरेबिक (عربى)",
  "LANG_BG": "बल्गेरियन (български)",
  "LANG_DA": "डॅनिश (Dansk)",
  "LANG_DE": "जर्मन (Deutsch)",
  "LANG_EN": "इंग्रजी (English)",
  "LANG_ES": "स्पॅनिश (Español)",
  "LANG_ES-AR": "स्पॅनिश अर्जेंटिना (Español Argentina)",
  "LANG_FA": "फारसी (فارسی)",
  "LANG_FI": "फिनिश (Suomen)",
  "LANG_FR": "फ्रेंच (Français)",
  "LANG_HE": "हिब्रू (עִברִית)",
  "LANG_HU": "हंगेरियन (Magyar)",
  "LANG_ID": "इंडोनेशियन (Indonesia)",
  "LANG_IT": "इटालियन (Italiano)",
  "LANG_JA": "जपानी (日本語)",
  "LANG_MR": "मराठी",
  "LANG_NL": "डच (Nederlands)",
  "LANG_NO": "नार्वेजियन (Norsk)",
  "LANG_PL": "पोलिश (Polski)",
  "LANG_PT-BR": "ब्राझिलियन पोर्तुगीज (Português do Brasil)",
  "LANG_RK": "अमेरिकन योकेल (Redneck)",
  "LANG_RO": "रोमानियन (Română)",
  "LANG_RU": "रशियन (Русский)",
  "LANG_SQ": "अल्बेनियन (Shqip)",
  "LANG_SV": "स्वीडिश (Svenska)",
  "LANG_TR": "तुर्कीश (Türkçe)",
  "LANG_UK": "युक्रेनियन (Українська)",
  "LANG_VI": "व्हिएतनामी (Tiếng Việt)",
  "LANG_ZH-CHT": "पारंपारिक चीनी (中文)",
  "LANG_ZH-CN": "चीनी सरलीकृत (简体中文)",
  "LATEST_VERSION": "आपल्याकडे स्काउट-अॅप्स ची नवीनतम आवृत्ती आहे",
  "LINEFEED": "लाइनफीड",
  "LINEFEED_CRLF": "CRLF",
  "LINEFEED_LF": "LF (डीफॉल्ट)",
  "LISTING_OF_PROJECTS": "प्रकल्पांची सूची",
  "MESSAGES_DESKTOP": "डेस्कटॉप सूचना",
  "MESSAGES_IN_APP": "अॅपमध्ये",
  "MESSAGES_SOUND": "ध्वनी प्ले करा",
  "MESSAGES_TITLE_ERROR": "त्रुटी संदेश",
  "MESSAGES_TITLE_SUCCESS": "यशस्वी संदेश",
  "MILLISECONDS_SHORT": "मिलिसेकंद",
  "MISSING_DATA": "इनपुट किंवा आउटपुट फोल्डर गहाळ आहे.",
  "MULTIPROJECT_IMPORT": "मल्टी-प्रोजेक्ट आयात",
  "MULTI_IMPORT_BUTTON": "आयात {{0}} प्रकल्प",
  "NEW_PROJECT": "नवीन प्रकल्प",
  "NOTIFICATIONS_CHOICE": "सूचना",
  "NO_SASS_FILES": "या प्रकल्पाच्या इनपुट फोल्डरमध्ये कोणत्याही Sass फायली नाहीत ज्यावर प्रक्रिया केली जाऊ शकते.",
  "OUTPUT_COMPACT": "संक्षिप्त",
  "OUTPUT_COMPRESSED": "संकुचित केले",
  "OUTPUT_EXPANDED": "विस्तृत केले",
  "OUTPUT_FOLDER": "आउटपुट फोल्डर:",
  "OUTPUT_NESTED": "नेस्टेड",
  "OUTPUT_STYLE": "आउटपुट शैली",
  "OUTPUT_WARNING": "आउटपुट इनपुटचे उपफोल्डर जुळत नाही किंवा होऊ शकत नाही.",
  "PREFERENCES": "प्राधान्ये",
  "PROCESSED_IN_DURATION": "{{duration}} मध्ये प्रक्रिया केली",
  "PRODUCTION": "उत्पादन",
  "PROJECT_CONTROLS": "प्रकल्प नियंत्रणे",
  "PROJECT_ICON": "प्रोजेक्ट चिन्ह",
  "SCOUTAPP_LOGO": "स्काउट-अॅप लोगो",
  "SECONDS": "सेकंद",
  "SELECT_DESELECT_ALL": "सर्व निवडा / निवड रद्द करा",
  "SELECT_GROUP_FOLDER": "समूह फोल्डर निवडा",
  "SELECT_PROJECT_FOLDER": "प्रोजेक्ट फोल्डर निवडा",
  "SEND_TO_TRAY_ON_CLOSE": "बंद वर ट्रे पाठवा",
  "SERVER_DOWN": "अद्यतनित सर्व्हरपर्यंत पोहोचण्यास अक्षम. पुन्हा प्रयत्न करा.",
  "SHOW": "दाखवा",
  "START_MINIMIZED": "कमीत कमी प्रारंभ करा",
  "STATUS": "स्थिती",
  "STATUS_OF_ALL_PROJECTS": "सर्व प्रकल्पांची स्थिती",
  "STYLESHEET_CHOICE": "थीम:",
  "STYLESHEET_DIRECTORIES": "स्टाइलशीट निर्देशिका",
  "TOGGLE_NAVIGATION": "नेव्हिगेशन टॉगल करा",
  "TRANSLATED_BY": "द्वारा अनुवादित:",
  "TRANSLATOR": ".",
  "TRANSLATOR_MEME": ".",
  "TRANSLATOR_URL": "#",
  "UPDATE_FOUND": "अद्यतन आढळले!",
  "VERSION": "आवृत्ती",
  "VIEW": "पहा",
  "WELCOME_MESSAGE": "स्काउट अॅपमध्ये आपले स्वागत आहे!",
  "WINDOW_SETTING": "विंडो"
}
