{
  "ABOUT": "Autorzy",
  "ABOUT_CONTRIBUTORS": "Współtwórcy <a href='http://github.com/scout-app/scout-app' class='external-link'>Scout-App</a>:",
  "ABOUT_DEPENDENCIES": "<strong>Scout-App</strong> korzysta z biblioteki <a class='external-link' href='https://github.com/sass/node-sass'>node-sass</a> <span class='nodeSassVersion'></span> oraz <a class='external-link' href='https://github.com/paulmillr/chokidar'>chokidar</a> <span class='chokidarVersion'></span>.",
  "ABOUT_DESCRIPTION": "<strong>Scout-App</strong> pozwala na kompilację Twoich plików <code>.sass</code> i <code>.scss</code> prosto do CSS bez konieczności znajomości poleceń w konsoli!",
  "ABOUT_SCOUTAPP": "O Scout-App",
  "ABOUT_VISIT_UPDATE": "Odwiedź witrynę Scout-App, aby pobrać najnowszą wersję programu",
  "ADD_A_PROJECT": "Dodaj nowy projekt...",
  "ADD_GROUP_OF_PROJECTS": "Dodaj kilka projektów...",
  "ADD_PROJECT": "Dodaj projekt",
  "ALERT_TITLE": "<strong>{{time}}</strong> Błąd (0x0{{code}}) - Linia: <strong>{{bugLine}}</strong> Kolumna: <strong>{{col}}</strong>",
  "APPLICATION_TITLE": "Scout-App: interfejs dla Sass",
  "ATOMIC_LABEL": "Opóźnienie zapisywania pliku (Atomic Saves)",
  "ATOMIC_NOTE": "Jeżeli Scout-App nie aktualizuje arkuszy CSS po zapisaniu plików SASS, spróbuj zmienić opóźnienie zapisywania pliku za pomocą suwaka znajdującego się powyżej. Następnie zrestartuj program.",
  "AUTOMATIC_UPDATES": "Sprawdzaj dostępność aktualizacji podczas uruchamiania Scout-App",
  "BROWSE": "Przeglądaj",
  "CANCEL": "Anuluj",
  "CAT_SCREAMING_NO": "Kotek krzyczy: STÓJ!",
  "CHECK_FOR_UPDATES": "Sprawdź aktualizację",
  "CONFIRM_DELETE": "Na pewno chcesz usunąć ten projekt?",
  "DELETE": "Tak, usuń ten projekt",
  "DELETE_PROJECT": "Usuń projekt",
  "DEVELOPMENT": "Testowe (deweloperskie)",
  "DEV_TOOLS": "Narzędzia deweloperskie",
  "DOWNLOAD_UPDATE": "Pobierz najnowszą wersję Scout-App!",
  "ENVIRONMENT": "Środowisko:",
  "EXIT": "Zamknij Scout-App",
  "FILE": "Plik",
  "FILES": "Ustawienia plików",
  "FOUND_SOME_PROJECTS": "Liczba znalezionych projektów: {{0}}",
  "FTUX_DRAG_DROP": "<h3>Przeciągnij i upuść</h3> <h4>swoje projekty Sass, aby zaimportować je do Scouta!</h4>",
  "HIDE": "Pokaż/ukryj",
  "IMPORT_ADD_GROUP": "Dodaj grupę projektów",
  "IMPORT_ADD_PROJECT": "Dodaj kolejny projekt",
  "IMPORT_DRAG_DROP": "Przeciągnij i upuść",
  "IMPORT_HEADER": "Liczba wybranych projektów: {{0}}",
  "IMPORT_INPUT": "Plik wejściowy (Sass)",
  "IMPORT_OUTPUT": "Plik wyjściowy (CSS)",
  "IMPORT_PROJECTS": "Importuj projekty",
  "IMPORT_PROJECT_NAME": "Nazwa projektu",
  "INPUT_FOLDER": "Folder wejściowy:",
  "LANGUAGE_CHOICE": "Wybór języka:",
  "LANG_AR": "Arabski (العربية)",
  "LANG_BG": "Bułgarski (български)",
  "LANG_DA": "Duński (Dansk)",
  "LANG_DE": "Niemiecki (Deutsch)",
  "LANG_EN": "Angielski (English)",
  "LANG_ES": "Hiszpański (Español)",
  "LANG_ES-AR": "Hiszpański (Argentyna) (Español Argentina)",
  "LANG_FA": "Perski (فارسی)",
  "LANG_FI": "Fiński (Suomen)",
  "LANG_FR": "Francuski (Français)",
  "LANG_HE": "Hebrajski (עִברִית)",
  "LANG_HU": "Węgierski (Magyar)",
  "LANG_ID": "Indonezyjski (Indonesia)",
  "LANG_IT": "Włoski (Italiano)",
  "LANG_JA": "Japoński (日本語)",
  "LANG_MR": "Marathi (मराठी)",
  "LANG_NL": "Niderlandzki (Nederlands)",
  "LANG_NO": "Norweski (Norsk)",
  "LANG_PL": "Polski",
  "LANG_PT-BR": "Portugalski (Brazylia) (Português do Brasil)",
  "LANG_RK": "Południowo-amerykański (Redneck)",
  "LANG_RO": "Rumuński (Română)",
  "LANG_RU": "Rosyjski (русский)",
  "LANG_SQ": "Albański (Shqip)",
  "LANG_SV": "Szwedzki (Svenska)",
  "LANG_TR": "Turecki (Türkçe)",
  "LANG_UK": "Ukraiński (Українська)",
  "LANG_VI": "Wietnamski (Tiếng Việt)",
  "LANG_ZH-CHT": "Chiński tradycyjny (中文)",
  "LANG_ZH-CN": "Uproszczony Chiński (简体中文)",
  "LATEST_VERSION": "Masz najnowszą wersję Scout-App!",
  "LINEFEED": "Znak końca linii",
  "LINEFEED_CRLF": "CRLF",
  "LINEFEED_LF": "LF (domyślne)",
  "LISTING_OF_PROJECTS": "Lista projektów",
  "MESSAGES_DESKTOP": "Wyświetlaj w powiadomieniach systemowych",
  "MESSAGES_IN_APP": "Wyświetlaj w aplikacji",
  "MESSAGES_SOUND": "Odtwarzaj dźwięk",
  "MESSAGES_TITLE_ERROR": "Komunikaty o błędach",
  "MESSAGES_TITLE_SUCCESS": "Informacje o poprawnym skompilowaniu",
  "MILLISECONDS_SHORT": "ms",
  "MISSING_DATA": "Nieokreślono folderu wejściowego i/lub wyjściowego w projekcie!",
  "MULTIPROJECT_IMPORT": "Importuj wiele projektów",
  "MULTI_IMPORT_BUTTON": "Liczba zaimportowanych projektów: {{0}}",
  "NEW_PROJECT": "Nowy projekt",
  "NOTIFICATIONS_CHOICE": "Powiadomienia",
  "NO_SASS_FILES": "Ten folder wejściowy nie zawiera żadnych plików Sass, które można skompilować.",
  "OUTPUT_COMPACT": "Kompaktowy",
  "OUTPUT_COMPRESSED": "Skompresowany",
  "OUTPUT_EXPANDED": "Rozszerzony",
  "OUTPUT_FOLDER": "Folder wyjściowy:",
  "OUTPUT_NESTED": "Zagnieżdżony",
  "OUTPUT_STYLE": "Rodzaj wyjściowego arkusza CSS:",
  "OUTPUT_WARNING": "Wyjściowy arkusz CSS nie może znajdować się w folderze wejściowym!",
  "PREFERENCES": "Ustawienia",
  "PROCESSED_IN_DURATION": "Skompilowano w czasie: {{duration}}",
  "PRODUCTION": "Produkcyjne",
  "PROJECT_CONTROLS": "Zarządzanie projektem",
  "PROJECT_ICON": "Ikona projektu",
  "SCOUTAPP_LOGO": "Logo Scout-App",
  "SECONDS": "sekund(y)",
  "SELECT_DESELECT_ALL": "Zaznacz/Odznacz wszystkie",
  "SELECT_GROUP_FOLDER": "Wybierz grupę folderów, w których znajdują się już utworzone projekty",
  "SELECT_PROJECT_FOLDER": "Dodaj folder, w którym znajduje się już utworzony projekt",
  "SEND_TO_TRAY_ON_CLOSE": "Przycisk zamknięcia minimalizuje okno do obszaru powiadomień (tray'a)",
  "SERVER_DOWN": "Nie można połączyć się z serwerem aktualizacji. Spróbuj później",
  "SHOW": "Pokaż Scout-App",
  "START_MINIMIZED": "Uruchamiaj Scout-App od razu zminimalizowany w obszarze powiadomień (tray'u)",
  "STATUS": "Status",
  "STATUS_OF_ALL_PROJECTS": "Status wszystkich projektów",
  "STYLESHEET_CHOICE": "Motyw:",
  "STYLESHEET_DIRECTORIES": "Lokalizacja arkuszy styli CSS",
  "TOGGLE_NAVIGATION": "Pokaż/Ukryj menu",
  "TRANSLATED_BY": "Przetłumaczone przez:",
  "TRANSLATOR": "Mateusz \"michno\" Michnowicz",
  "TRANSLATOR_MEME": "Litografia Mikołaja Reja z napisem \"...iż Polacy nie gęsi, swego Sassa mają!\"",
  "TRANSLATOR_URL": "http://mateusz.michnowi.cz",
  "UPDATE_FOUND": "Znaleziono aktualizację!",
  "VERSION": "Wersja:",
  "VIEW": "Widok",
  "WELCOME_MESSAGE": "Witaj w Scout-App!",
  "WINDOW_SETTING": "Ustawienia okna"
}
