{
  "ABOUT": "Rreth Nesh",
  "ABOUT_CONTRIBUTORS": "Kontribuesit e <a href='http://github.com/scout-app/scout-app' class='external-link'>Scout-App</a>:",
  "ABOUT_DEPENDENCIES": "<strong>Scout-App</strong> përdor <a class='external-link' href='https://github.com/sass/node-sass'>node-sass</a> <span class='nodeSassVersion'></span> dhe <a class='external-link' href='https://github.com/paulmillr/chokidar'>chokidar</a> <span class='chokidarVersion'></span>.",
  "ABOUT_DESCRIPTION": "<strong>Scout-App</strong> ju mundëson konvertimin e <code>.sass</code> dhe <code>.scss</code> në CSS pa pasur nevojë për ndonjë njohuri të komandave nga terminali.",
  "ABOUT_SCOUTAPP": "Rreth Scout-App",
  "ABOUT_VISIT_UPDATE": "Vizitoni faqen e internetit të Scout-App për të kontrolluar për përditësime te programit:",
  "ADD_A_PROJECT": "Shto një Projekt",
  "ADD_GROUP_OF_PROJECTS": "Shto një Grup Projektesh",
  "ADD_PROJECT": "Shto një Projekt",
  "ALERT_TITLE": "<strong>{{time}}</strong> Error (0x0{{code}}) - Rreshti: <strong>{{bugLine}}</strong> Kolona: <strong>{{col}}</strong>",
  "APPLICATION_TITLE": "Scout-App: Sass GUI",
  "ATOMIC_LABEL": "Procesimi pas ruajtjes vazhdon në",
  "ATOMIC_NOTE": "Nëse Scout-App nuk po i proceson skedaret pas ruajtjes atëherë modifikoni opsionet e mëposhtme dhe ristartoni programin.",
  "AUTOMATIC_UPDATES": "Kontrolloni për përditësime në nisje",
  "BROWSE": "Zgjidh",
  "CANCEL": "Anullo",
  "CAT_SCREAMING_NO": "Mace duke bërtitur 'JO!'",
  "CHECK_FOR_UPDATES": "Kontrollo për përditesime",
  "CONFIRM_DELETE": "A jeni të sigurtë?",
  "DELETE": "Fshije",
  "DELETE_PROJECT": "Fshije Projektin",
  "DEVELOPMENT": "Në punim e sipër",
  "DEV_TOOLS": "Mjete për programuesin",
  "DOWNLOAD_UPDATE": "Shkarkoni versionin më të fundit të Scout-App.",
  "ENVIRONMENT": "Statusi i punimeve",
  "EXIT": "Mbylle",
  "FILE": "File",
  "FILES": "Files",
  "FOUND_SOME_PROJECTS": "u gjetën {{0}} projekte",
  "FTUX_DRAG_DROP": "<h3>Tërhiq dhe lësho</h3> <h4>për të importuar projekte</h4>",
  "HIDE": "Fshihe",
  "IMPORT_ADD_GROUP": "Shto një Grup Projektesh",
  "IMPORT_ADD_PROJECT": "Shto një projekt tjetër",
  "IMPORT_DRAG_DROP": "Tërhiq dhe Lësho",
  "IMPORT_HEADER": "{{0}} Projekte të zgjedhura",
  "IMPORT_INPUT": "Hyrja (Sass)",
  "IMPORT_OUTPUT": "Dalja (CSS)",
  "IMPORT_PROJECTS": "Importo Projekte",
  "IMPORT_PROJECT_NAME": "Emri i projektit",
  "INPUT_FOLDER": "Dosja që mban SASS",
  "LANGUAGE_CHOICE": "Gjuha:",
  "LANG_AR": "Arabisht (عربى)",
  "LANG_BG": "Bullgarisht (български)",
  "LANG_DA": "Daneze (Dansk)",
  "LANG_DE": "Gjermanisht (Deutsch)",
  "LANG_EN": "Anglisht (English)",
  "LANG_ES": "Spanjisht (Español)",
  "LANG_ES-AR": "Spanjisht Argjentinase (Español Argentina)",
  "LANG_FA": "Persisht (فارسی)",
  "LANG_FI": "Finlandeze (Suomen)",
  "LANG_FR": "Frangjisht (Français)",
  "LANG_HE": "Hebraisht (עִברִית)",
  "LANG_HU": "Hungarisht (Magyar)",
  "LANG_ID": "Indonezian (Indonesia)",
  "LANG_IT": "Italisht (Italiano)",
  "LANG_JA": "Japonisht (日本語)",
  "LANG_MR": "Marathi (मराठी)",
  "LANG_NL": "Holandisht (Nederlands)",
  "LANG_NO": "Norvegjisht (Norsk)",
  "LANG_PL": "Polonisht (Polski)",
  "LANG_PT-BR": "Portugeze braziliane (Português do Brasil)",
  "LANG_RK": "Redneck (Real America)",
  "LANG_RO": "Rumanisht (Română)",
  "LANG_RU": "Rusisht (Русский)",
  "LANG_SQ": "Shqip",
  "LANG_SV": "Suedez (Svenska)",
  "LANG_TR": "Turqisht (Türkçe)",
  "LANG_UK": "Ukrainisht (Українська)",
  "LANG_VI": "Vietnamisht (Tiếng Việt)",
  "LANG_ZH-CHT": "Kineze tradicionale (中文)",
  "LANG_ZH-CN": "Kineze e Thjeshtuar (简体中文)",
  "LATEST_VERSION": "Ju keni versionin e fundit të Scout-App.",
  "LINEFEED": "Futja e linjës",
  "LINEFEED_CRLF": "CRLF",
  "LINEFEED_LF": "LF (parazgjedhje)",
  "LISTING_OF_PROJECTS": "Lista e projekteve",
  "MESSAGES_DESKTOP": "Shfaq Njoftimet",
  "MESSAGES_IN_APP": "Të aplikacionit",
  "MESSAGES_SOUND": "Lejo tingujt",
  "MESSAGES_TITLE_ERROR": "Erroret",
  "MESSAGES_TITLE_SUCCESS": "Sukseset",
  "MILLISECONDS_SHORT": "ms",
  "MISSING_DATA": "Nuk është cilësuar dosja hyrëse ose dalëse.",
  "MULTIPROJECT_IMPORT": "Importo Shumë Projekte",
  "MULTI_IMPORT_BUTTON": "Importo {{0}} Projekte",
  "NEW_PROJECT": "Projekt i ri",
  "NOTIFICATIONS_CHOICE": "Njoftime",
  "NO_SASS_FILES": "Dosja hyrëse e ktij projekti nuk përmban asnjë skedar Sass që mund të procesohet.",
  "OUTPUT_COMPACT": "Kompakt",
  "OUTPUT_COMPRESSED": "Kompresuar",
  "OUTPUT_EXPANDED": "Zgjeruar",
  "OUTPUT_FOLDER": "Dosja dalese:",
  "OUTPUT_NESTED": "Mbivendosur",
  "OUTPUT_STYLE": "Normal",
  "OUTPUT_WARNING": "Dosja dalëse nuk mund të jetë një nën-dosje apo vetë inputi",
  "PREFERENCES": "Preferencat",
  "PROCESSED_IN_DURATION": "Procesuar në {{duration}}",
  "PRODUCTION": "Për prodhim",
  "PROJECT_CONTROLS": "Kontrollet e Projektit",
  "PROJECT_ICON": "Ikona",
  "SCOUTAPP_LOGO": "Logo e Scout-App",
  "SECONDS": "sekonda",
  "SELECT_DESELECT_ALL": "Selekto/Di-Selekto të gjitha",
  "SELECT_GROUP_FOLDER": "Zgjidhni dosjën që mban projektet tuaja",
  "SELECT_PROJECT_FOLDER": "Zgjidhni dosjën e projektit",
  "SEND_TO_TRAY_ON_CLOSE": "Dërgo në tabaka në afërsi",
  "SERVER_DOWN": "Nuk mund të arrihet serveri i përditësimit. Provo përsëri më vonë.",
  "SHOW": "Shfaq",
  "START_MINIMIZED": "Filloni të minimizoheni",
  "STATUS": "Satusi",
  "STATUS_OF_ALL_PROJECTS": "Statusi i të gjithë Projekteve",
  "STYLESHEET_CHOICE": "Paraqitja:",
  "STYLESHEET_DIRECTORIES": "Farmati i Stilimit",
  "TOGGLE_NAVIGATION": "Hap/Mbyll Menynë",
  "TRANSLATED_BY": "Përkthyer nga:",
  "TRANSLATOR": "Dajan Vulaj",
  "TRANSLATOR_MEME": "\"Unë procesoj Sass, dhe Sass Mixins\".",
  "TRANSLATOR_URL": "http://max.al",
  "UPDATE_FOUND": "Një përditesim i ri u gjet!",
  "VERSION": "Versioni",
  "VIEW": "Paraqit",
  "WELCOME_MESSAGE": "Mirësevini në Scout-App!",
  "WINDOW_SETTING": "Dritare"
}
