{
  "ABOUT": "Про програму",
  "ABOUT_CONTRIBUTORS": "Внесок у <a href='http://github.com/scout-app/scout-app' class='external-link'>Scout-App</a>:",
  "ABOUT_DEPENDENCIES": "<strong>Scout-App</strong> викоистовує <a class='external-link' href='https://github.com/sass/node-sass'>node-sass</a> <span class='nodeSassVersion'></span> та <a class='external-link' href='https://github.com/paulmillr/chokidar'>chokidar</a> <span class='chokidarVersion'></span>.",
  "ABOUT_DESCRIPTION": "<strong>Scout-App</strong> дозволяє обробляти <code>.sass</code> і <code>.scss</code> файли у CSS без використання командного рядка.",
  "ABOUT_SCOUTAPP": "Про Scout-App",
  "ABOUT_VISIT_UPDATE": "Відвідайте сайт Scout-App для перевірки на оновлення:",
  "ADD_A_PROJECT": "Додати проект",
  "ADD_GROUP_OF_PROJECTS": "Додати групу проектів",
  "ADD_PROJECT": "Додати проект",
  "ALERT_TITLE": "<Strong>{{time}}</strong> Помилка (0x0 {{code}}) - Рядок: <strong>{{bugLine}}</strong> Колонка: <strong>{{col}}</strong>",
  "APPLICATION_TITLE": "Scout-App: GUI для Sass",
  "ATOMIC_LABEL": "Atomic зберігає затримку",
  "ATOMIC_NOTE": "Якщо Scout-App не обробляє файли при збереженні, налаштуйте цей параметр і перезавантажте проект.",
  "AUTOMATIC_UPDATES": "Перевірка оновлень під час запуску",
  "BROWSE": "Перегляд",
  "CANCEL": "Скасувати",
  "CAT_SCREAMING_NO": "Кіт, що кричить 'НІ!'",
  "CHECK_FOR_UPDATES": "Перевірка оновлень",
  "CONFIRM_DELETE": "Ви впевнені, що хочете видатили цей проект?",
  "DELETE": "Видалити",
  "DELETE_PROJECT": "Видалити проект",
  "DEVELOPMENT": "Розробка",
  "DEV_TOOLS": "Інструменти розробника",
  "DOWNLOAD_UPDATE": "Завантажити останню версію Scout-App.",
  "ENVIRONMENT": "Середовище",
  "EXIT": "Вихід",
  "FILE": "Файл",
  "FILES": "Файли",
  "FOUND_SOME_PROJECTS": "знайдено {{0}} проектів",
  "FTUX_DRAG_DROP": "<h3>Перетащити</h3> <h4>у будь-яке місце, щоб імпортувати проекти</h4>",
  "HIDE": "Згорнути",
  "IMPORT_ADD_GROUP": "Додати групу проектів",
  "IMPORT_ADD_PROJECT": "Додати ще один проект",
  "IMPORT_DRAG_DROP": "Перетащити",
  "IMPORT_HEADER": "{{0}} Вибрані проекти",
  "IMPORT_INPUT": "Введення (Sass)",
  "IMPORT_OUTPUT": "Виведення (CSS)",
  "IMPORT_PROJECTS": "Імпортувати проекти",
  "IMPORT_PROJECT_NAME": "Назва проекту",
  "INPUT_FOLDER": "Папка для введення:",
  "LANGUAGE_CHOICE": "Мова:",
  "LANG_AR": "Арабська (عربى)",
  "LANG_BG": "Болгарська (Български)",
  "LANG_DA": "Данська (Dansk)",
  "LANG_DE": "Німецька (Deutsch)",
  "LANG_EN": "Англійська (English)",
  "LANG_ES": "Іспанська (Español)",
  "LANG_ES-AR": "Аргентинська іспанскька (Español Argentina)",
  "LANG_FA": "Персидська (فارسی)",
  "LANG_FI": "Фінська (Suomen)",
  "LANG_FR": "Французька (Français)",
  "LANG_HE": "Іврит (עִברִית)",
  "LANG_HU": "Угорська (Magyar)",
  "LANG_ID": "Індонезійська (Indonesia)",
  "LANG_IT": "Італійська (Italiano)",
  "LANG_JA": "Японська (日本語)",
  "LANG_MR": "Маратхі (मराठी)",
  "LANG_NL": "Нідерландська (Nederlands)",
  "LANG_NO": "Норвезька (Norsk)",
  "LANG_PL": "Польська (Polski)",
  "LANG_PT-BR": "Бразильська португальська (Português do Brasil)",
  "LANG_RK": "Сільська американська (Redneck)",
  "LANG_RO": "Румунська (Română)",
  "LANG_RU": "Російська (Русский)",
  "LANG_SQ": "Албанська (Shqip)",
  "LANG_SV": "Шведська (Svenska)",
  "LANG_TR": "Турецька (Türkçe)",
  "LANG_UK": "Українська",
  "LANG_VI": "В'єтнамська (Tiếng Việt)",
  "LANG_ZH-CHT": "Китайська традиційна (中文)",
  "LANG_ZH-CN": "Китайська спрощена (简体中文)",
  "LATEST_VERSION": "У вас встановлена остання версія Scout-App.",
  "LINEFEED": "Кінець рядку:",
  "LINEFEED_CRLF": "CRLF",
  "LINEFEED_LF": "LF (типово)",
  "LISTING_OF_PROJECTS": "Перелік проектів",
  "MESSAGES_DESKTOP": "Сповіщення на робочий стіл",
  "MESSAGES_IN_APP": "У програмі",
  "MESSAGES_SOUND": "Відтворення аудіо",
  "MESSAGES_TITLE_ERROR": "Повідомлення про помилки",
  "MESSAGES_TITLE_SUCCESS": "Успіх",
  "MILLISECONDS_SHORT": "ms",
  "MISSING_DATA": "Відсутня папка для введення чи виведення",
  "MULTIPROJECT_IMPORT": "Імпорт декількох проектів",
  "MULTI_IMPORT_BUTTON": "Імпорт {{0}} проектів",
  "NEW_PROJECT": "Новий проект",
  "NOTIFICATIONS_CHOICE": "Сповіщення",
  "NO_SASS_FILES": "Папка для введення цього проекту не містить файлів Sass, які можуть бути оброблені.",
  "OUTPUT_COMPACT": "Компактний",
  "OUTPUT_COMPRESSED": "Стиснений",
  "OUTPUT_EXPANDED": "Розширений",
  "OUTPUT_FOLDER": "Папка для виведення",
  "OUTPUT_NESTED": "Вкладений",
  "OUTPUT_STYLE": "Стиль введення",
  "OUTPUT_WARNING": "Папка для виведення не може співпадати з папкою для введення чи бути вкладеною в неї.",
  "PREFERENCES": "Параметри",
  "PROCESSED_IN_DURATION": "Оброблений за {{duration}}",
  "PRODUCTION": "Продакшн",
  "PROJECT_CONTROLS": "Регулятори проекту",
  "PROJECT_ICON": "Іконка проекту",
  "SCOUTAPP_LOGO": "Логотип Scout-App",
  "SECONDS": "секунд",
  "SELECT_DESELECT_ALL": "Вибрати/Скинути все",
  "SELECT_GROUP_FOLDER": "виберіть папку групи",
  "SELECT_PROJECT_FOLDER": "виберіть папку проекту",
  "SEND_TO_TRAY_ON_CLOSE": "Згорнути в системний трей при закритті",
  "SERVER_DOWN": "Неможливо отримати доступ до сервера оновлень. Спробуйте пізніше.",
  "SHOW": "Показати",
  "START_MINIMIZED": "Стартувати в трей",
  "STATUS": "Статус",
  "STATUS_OF_ALL_PROJECTS": "Статус всіх проектів",
  "STYLESHEET_CHOICE": "Теми оформлення:",
  "STYLESHEET_DIRECTORIES": "Каталог стилів",
  "TOGGLE_NAVIGATION": "Перемкнути навигацію",
  "TRANSLATED_BY": "Перекладено:",
  "TRANSLATOR": "Tymur Faradzhev",
  "TRANSLATOR_MEME": "",
  "TRANSLATOR_URL": "https://facebook.com/faradzhev",
  "UPDATE_FOUND": "Оновлення знайдено!",
  "VERSION": "Версія",
  "VIEW": "Переглянути",
  "WELCOME_MESSAGE": "Ласкаво просимо в Scout-App!",
  "WINDOW_SETTING": "Вікно"
}
