{
  "ABOUT": "關於",
  "ABOUT_CONTRIBUTORS": "<a href='http://github.com/scout-app/scout-app' class='external-link'>Scout-App</a> 開發協助者:",
  "ABOUT_DEPENDENCIES": "<strong>Scout-App</strong> 採用 <a class='external-link' href='https://github.com/sass/node-sass'>node-sass</a> <span class='nodeSassVersion'></span> 及 <a class='external-link' href='https://github.com/paulmillr/chokidar'>chokidar</a> <span class='chokidarVersion'></span>.",
  "ABOUT_DESCRIPTION": "無須任何命令列指令, <strong>Scout-App</strong> 幫你自動轉換 <code>.sass</code> 和 <code>.scss</code> 代碼至 CSS",
  "ABOUT_SCOUTAPP": "關於 Scout-App",
  "ABOUT_VISIT_UPDATE": "到 Scout-App 網站看看有沒有更新:",
  "ADD_A_PROJECT": "新增專案",
  "ADD_GROUP_OF_PROJECTS": "新增多個專案",
  "ADD_PROJECT": "新增專案",
  "ALERT_TITLE": "<strong>{{time}}</strong> 錯誤 (0x0{{code}}) - 第 <strong>{{bugLine}}</strong> 行, 字元數: <strong>{{col}}</strong>",
  "APPLICATION_TITLE": "Scout-App: The Sass GUI",
  "ATOMIC_LABEL": "原子節省延遲",
  "ATOMIC_NOTE": "如果Scout-App在保存時未處理文件，請調整此設置並重新啟動項目。",
  "AUTOMATIC_UPDATES": "檢查啟動更新",
  "BROWSE": "查看檔案/資料夾",
  "CANCEL": "取消",
  "CAT_SCREAMING_NO": "貓大叫 `不!'",
  "CHECK_FOR_UPDATES": "檢查更新",
  "CONFIRM_DELETE": "你確定嗎?",
  "DELETE": "移除",
  "DELETE_PROJECT": "移除專案",
  "DEVELOPMENT": "開發中",
  "DEV_TOOLS": "開發工具",
  "DOWNLOAD_UPDATE": "下載Scout-App的最新版本。",
  "ENVIRONMENT": "專案環境",
  "EXIT": "關閉",
  "FILE": "檔案",
  "FILES": "檔",
  "FOUND_SOME_PROJECTS": "找到 {{0}} 個專案",
  "FTUX_DRAG_DROP": "<h3>拖放</h3> <h4>到任何位置來匯入專案</h4>",
  "HIDE": "隱藏",
  "IMPORT_ADD_GROUP": "加入多個專案",
  "IMPORT_ADD_PROJECT": "加入其他專案",
  "IMPORT_DRAG_DROP": "拖放",
  "IMPORT_HEADER": "{{0}} 個選取專案",
  "IMPORT_INPUT": "輸入 (Sass)",
  "IMPORT_OUTPUT": "輸出 (CSS)",
  "IMPORT_PROJECTS": "匯入專案",
  "IMPORT_PROJECT_NAME": "專案名稱",
  "INPUT_FOLDER": "輸入資料夾:",
  "LANGUAGE_CHOICE": "選擇語言:",
  "LANG_AR": "阿拉伯語 (عربى)",
  "LANG_BG": "保加利亞語 (български)",
  "LANG_DA": "丹麥語 (Dansk)",
  "LANG_DE": "德語 (Deutsch)",
  "LANG_EN": "英文 (English)",
  "LANG_ES": "西班牙語 (Español)",
  "LANG_ES-AR": "西班牙阿根廷 (Español Argentina)",
  "LANG_FA": "波斯語 (فارسی)",
  "LANG_FI": "芬蘭 (Suomen)",
  "LANG_FR": "法語 (Français)",
  "LANG_HE": "希伯來語 (עִברִית)",
  "LANG_HU": "匈牙利語 (Magyar)",
  "LANG_ID": "印度尼西亞 (Indonesia)",
  "LANG_IT": "義大利語 (Italiano)",
  "LANG_JA": "日本 (日本語)",
  "LANG_MR": "馬拉 (मराठी)",
  "LANG_NL": "荷蘭語 (Nederlands)",
  "LANG_NO": "挪威 (Norsk)",
  "LANG_PL": "拋光 (Polski)",
  "LANG_PT-BR": "巴西葡萄牙語 (Português do Brasil)",
  "LANG_RK": "美國粗話 (Redneck)",
  "LANG_RO": "羅馬尼亞語 (Română)",
  "LANG_RU": "俄語 (русский)",
  "LANG_SQ": "阿爾巴尼亞人 (Shqip)",
  "LANG_SV": "瑞典 (Svenska)",
  "LANG_TR": "土耳其 (Türkçe)",
  "LANG_UK": "烏克蘭語（Українська）",
  "LANG_VI": "越南語 (Tiếng Việt)",
  "LANG_ZH-CHT": "繁體中文",
  "LANG_ZH-CN": "簡體中文 (简体中文)",
  "LATEST_VERSION": "你的 Scout-App 已經是最新版本",
  "LINEFEED": "換行",
  "LINEFEED_CRLF": "CRLF",
  "LINEFEED_LF": "LF（默認）",
  "LISTING_OF_PROJECTS": "專案列表",
  "MESSAGES_DESKTOP": "桌面通知",
  "MESSAGES_IN_APP": "程式內通知",
  "MESSAGES_SOUND": "撥放音效",
  "MESSAGES_TITLE_ERROR": "錯誤訊息",
  "MESSAGES_TITLE_SUCCESS": "成功訊息",
  "MILLISECONDS_SHORT": "毫秒",
  "MISSING_DATA": "找不到輸入或輸出資料夾",
  "MULTIPROJECT_IMPORT": "匯入多個專案",
  "MULTI_IMPORT_BUTTON": "匯入 {{0}} 個專案",
  "NEW_PROJECT": "新增專案",
  "NOTIFICATIONS_CHOICE": "通知",
  "NO_SASS_FILES": "專案中的輸入資料夾找不到任何 Sass 檔案",
  "OUTPUT_COMPACT": "簡潔",
  "OUTPUT_COMPRESSED": "壓縮",
  "OUTPUT_EXPANDED": "擴展",
  "OUTPUT_FOLDER": "輸出資料夾:",
  "OUTPUT_NESTED": "嵌套",
  "OUTPUT_STYLE": "輸出類型",
  "OUTPUT_WARNING": "輸出不能和輸入使用同一資料夾或是其子資料夾",
  "PREFERENCES": "偏好設定",
  "PROCESSED_IN_DURATION": "處理時間: {{duration}}",
  "PRODUCTION": "上線",
  "PROJECT_CONTROLS": "專案控制",
  "PROJECT_ICON": "專案圖示",
  "SCOUTAPP_LOGO": "Scout-App Logo",
  "SECONDS": "秒",
  "SELECT_DESELECT_ALL": "全選/全不選",
  "SELECT_GROUP_FOLDER": "選擇專案群組資料夾",
  "SELECT_PROJECT_FOLDER": "選擇專案資料夾",
  "SEND_TO_TRAY_ON_CLOSE": "發送到托盤關閉",
  "SERVER_DOWN": "無法連結更新伺服器. 稍候再試",
  "SHOW": "显示",
  "START_MINIMIZED": "開始最小化",
  "STATUS": "狀態",
  "STATUS_OF_ALL_PROJECTS": "專案狀態",
  "STYLESHEET_CHOICE": "佈景主題:",
  "STYLESHEET_DIRECTORIES": "樣式表位置",
  "TOGGLE_NAVIGATION": "顯示/隱藏導覽列",
  "TRANSLATED_BY": "翻譯:",
  "TRANSLATOR": "Hsin Cheng Lin (Luke)",
  "TRANSLATOR_MEME": "CSS 鄙視鏈: Sass, LESS > SMACSS, OOCSS > External, Internal CSS >>> inline CSS",
  "TRANSLATOR_URL": "https://hsinchenglin.com",
  "UPDATE_FOUND": "有新版本!",
  "VERSION": "版本",
  "VIEW": "檢視",
  "WELCOME_MESSAGE": "歡迎使用 Scout-App!",
  "WINDOW_SETTING": "窗口"
}
